-- phpMyAdmin SQL Dump
-- version 5.2.3
-- https://www.phpmyadmin.net/
--
-- Host: mysql_db
-- Waktu pembuatan: 26 Des 2025 pada 16.17
-- Versi server: 8.0.44
-- Versi PHP: 8.3.26

SET SQL_MODE = "NO_AUTO_VALUE_ON_ZERO";
START TRANSACTION;
SET time_zone = "+00:00";


/*!40101 SET @OLD_CHARACTER_SET_CLIENT=@@CHARACTER_SET_CLIENT */;
/*!40101 SET @OLD_CHARACTER_SET_RESULTS=@@CHARACTER_SET_RESULTS */;
/*!40101 SET @OLD_COLLATION_CONNECTION=@@COLLATION_CONNECTION */;
/*!40101 SET NAMES utf8mb4 */;

--
-- Basis data: `tubes_dwbi`
--

-- --------------------------------------------------------

--
-- Struktur dari tabel `dim_customer`
--

CREATE TABLE `dim_customer` (
  `technical/surrogate key field` bigint NOT NULL,
  `Customer ID` varchar(8) COLLATE utf8mb4_general_ci DEFAULT NULL,
  `Age` bigint DEFAULT NULL,
  `Gender` varchar(6) COLLATE utf8mb4_general_ci DEFAULT NULL
) ENGINE=InnoDB DEFAULT CHARSET=utf8mb4 COLLATE=utf8mb4_general_ci;

--
-- Dumping data untuk tabel `dim_customer`
--

INSERT INTO `dim_customer` (`technical/surrogate key field`, `Customer ID`, `Age`, `Gender`) VALUES
(1, 'CUST001', 34, 'Male'),
(2, 'CUST002', 26, 'Female'),
(3, 'CUST003', 50, 'Male'),
(4, 'CUST004', 37, 'Male'),
(5, 'CUST005', 30, 'Male'),
(6, 'CUST006', 45, 'Female'),
(7, 'CUST007', 46, 'Male'),
(8, 'CUST008', 30, 'Male'),
(9, 'CUST009', 63, 'Male'),
(10, 'CUST010', 52, 'Female'),
(11, 'CUST011', 23, 'Male'),
(12, 'CUST012', 35, 'Male'),
(13, 'CUST013', 22, 'Male'),
(14, 'CUST014', 64, 'Male'),
(15, 'CUST015', 42, 'Female'),
(16, 'CUST016', 19, 'Male'),
(17, 'CUST017', 27, 'Female'),
(18, 'CUST018', 47, 'Female'),
(19, 'CUST019', 62, 'Female'),
(20, 'CUST020', 22, 'Male'),
(21, 'CUST021', 50, 'Female'),
(22, 'CUST022', 18, 'Male'),
(23, 'CUST023', 35, 'Female'),
(24, 'CUST024', 49, 'Female'),
(25, 'CUST025', 64, 'Female'),
(26, 'CUST026', 28, 'Female'),
(27, 'CUST027', 38, 'Female'),
(28, 'CUST028', 43, 'Female'),
(29, 'CUST029', 42, 'Female'),
(30, 'CUST030', 39, 'Female'),
(31, 'CUST031', 44, 'Male'),
(32, 'CUST032', 30, 'Male'),
(33, 'CUST033', 50, 'Female'),
(34, 'CUST034', 51, 'Female'),
(35, 'CUST035', 58, 'Female'),
(36, 'CUST036', 52, 'Male'),
(37, 'CUST037', 18, 'Female'),
(38, 'CUST038', 38, 'Male'),
(39, 'CUST039', 23, 'Male'),
(40, 'CUST040', 45, 'Male'),
(41, 'CUST041', 34, 'Male'),
(42, 'CUST042', 22, 'Male'),
(43, 'CUST043', 48, 'Female'),
(44, 'CUST044', 22, 'Female'),
(45, 'CUST045', 55, 'Female'),
(46, 'CUST046', 20, 'Female'),
(47, 'CUST047', 40, 'Female'),
(48, 'CUST048', 54, 'Male'),
(49, 'CUST049', 54, 'Female'),
(50, 'CUST050', 27, 'Female'),
(51, 'CUST051', 27, 'Male'),
(52, 'CUST052', 36, 'Female'),
(53, 'CUST053', 34, 'Male'),
(54, 'CUST054', 38, 'Female'),
(55, 'CUST055', 31, 'Male'),
(56, 'CUST056', 26, 'Female'),
(57, 'CUST057', 63, 'Female'),
(58, 'CUST058', 18, 'Male'),
(59, 'CUST059', 62, 'Male'),
(60, 'CUST060', 30, 'Male'),
(61, 'CUST061', 21, 'Male'),
(62, 'CUST062', 18, 'Male'),
(63, 'CUST063', 57, 'Male'),
(64, 'CUST064', 49, 'Male'),
(65, 'CUST065', 51, 'Male'),
(66, 'CUST066', 45, 'Female'),
(67, 'CUST067', 48, 'Female'),
(68, 'CUST068', 25, 'Male'),
(69, 'CUST069', 56, 'Female'),
(70, 'CUST070', 43, 'Female'),
(71, 'CUST071', 51, 'Female'),
(72, 'CUST072', 20, 'Female'),
(73, 'CUST073', 29, 'Male'),
(74, 'CUST074', 18, 'Female'),
(75, 'CUST075', 61, 'Male'),
(76, 'CUST076', 22, 'Female'),
(77, 'CUST077', 47, 'Female'),
(78, 'CUST078', 47, 'Female'),
(79, 'CUST079', 34, 'Male'),
(80, 'CUST080', 64, 'Female'),
(81, 'CUST081', 40, 'Male'),
(82, 'CUST082', 32, 'Female'),
(83, 'CUST083', 54, 'Male'),
(84, 'CUST084', 38, 'Female'),
(85, 'CUST085', 31, 'Male'),
(86, 'CUST086', 19, 'Male'),
(87, 'CUST087', 28, 'Female'),
(88, 'CUST088', 56, 'Male'),
(89, 'CUST089', 55, 'Female'),
(90, 'CUST090', 51, 'Female'),
(91, 'CUST091', 55, 'Female'),
(92, 'CUST092', 51, 'Female'),
(93, 'CUST093', 35, 'Female'),
(94, 'CUST094', 47, 'Female'),
(95, 'CUST095', 32, 'Female'),
(96, 'CUST096', 44, 'Female'),
(97, 'CUST097', 51, 'Female'),
(98, 'CUST098', 55, 'Female'),
(99, 'CUST099', 50, 'Female'),
(100, 'CUST100', 41, 'Male'),
(1000, 'CUST1000', 47, 'Male'),
(101, 'CUST101', 32, 'Male'),
(102, 'CUST102', 47, 'Female'),
(103, 'CUST103', 59, 'Female'),
(104, 'CUST104', 34, 'Female'),
(105, 'CUST105', 22, 'Female'),
(106, 'CUST106', 46, 'Female'),
(107, 'CUST107', 21, 'Female'),
(108, 'CUST108', 27, 'Female'),
(109, 'CUST109', 34, 'Female'),
(110, 'CUST110', 27, 'Male'),
(111, 'CUST111', 34, 'Female'),
(112, 'CUST112', 37, 'Male'),
(113, 'CUST113', 41, 'Female'),
(114, 'CUST114', 22, 'Female'),
(115, 'CUST115', 51, 'Male'),
(116, 'CUST116', 23, 'Female'),
(117, 'CUST117', 19, 'Male'),
(118, 'CUST118', 30, 'Female'),
(119, 'CUST119', 60, 'Female'),
(120, 'CUST120', 60, 'Male'),
(121, 'CUST121', 28, 'Female'),
(122, 'CUST122', 64, 'Male'),
(123, 'CUST123', 40, 'Female'),
(124, 'CUST124', 33, 'Male'),
(125, 'CUST125', 48, 'Male'),
(126, 'CUST126', 28, 'Female'),
(127, 'CUST127', 33, 'Female'),
(128, 'CUST128', 25, 'Male'),
(129, 'CUST129', 21, 'Female'),
(130, 'CUST130', 57, 'Female'),
(131, 'CUST131', 21, 'Female'),
(132, 'CUST132', 42, 'Male'),
(133, 'CUST133', 20, 'Male'),
(134, 'CUST134', 49, 'Male'),
(135, 'CUST135', 20, 'Male'),
(136, 'CUST136', 44, 'Male'),
(137, 'CUST137', 46, 'Male'),
(138, 'CUST138', 49, 'Male'),
(139, 'CUST139', 36, 'Male'),
(140, 'CUST140', 38, 'Male'),
(141, 'CUST141', 22, 'Female'),
(142, 'CUST142', 35, 'Male'),
(143, 'CUST143', 45, 'Female'),
(144, 'CUST144', 59, 'Female'),
(145, 'CUST145', 39, 'Female'),
(146, 'CUST146', 38, 'Male'),
(147, 'CUST147', 23, 'Male'),
(148, 'CUST148', 18, 'Male'),
(149, 'CUST149', 22, 'Male'),
(150, 'CUST150', 58, 'Female'),
(151, 'CUST151', 29, 'Male'),
(152, 'CUST152', 43, 'Male'),
(153, 'CUST153', 63, 'Male'),
(154, 'CUST154', 51, 'Male'),
(155, 'CUST155', 31, 'Male'),
(156, 'CUST156', 43, 'Female'),
(157, 'CUST157', 62, 'Male'),
(158, 'CUST158', 44, 'Female'),
(159, 'CUST159', 26, 'Male'),
(160, 'CUST160', 43, 'Female'),
(161, 'CUST161', 64, 'Male'),
(162, 'CUST162', 39, 'Male'),
(163, 'CUST163', 64, 'Female'),
(164, 'CUST164', 47, 'Female'),
(165, 'CUST165', 60, 'Female'),
(166, 'CUST166', 34, 'Male'),
(167, 'CUST167', 43, 'Female'),
(168, 'CUST168', 53, 'Male'),
(169, 'CUST169', 18, 'Male'),
(170, 'CUST170', 25, 'Female'),
(171, 'CUST171', 52, 'Female'),
(172, 'CUST172', 32, 'Male'),
(173, 'CUST173', 64, 'Male'),
(174, 'CUST174', 39, 'Female'),
(175, 'CUST175', 31, 'Female'),
(176, 'CUST176', 43, 'Female'),
(177, 'CUST177', 45, 'Male'),
(178, 'CUST178', 40, 'Male'),
(179, 'CUST179', 31, 'Male'),
(180, 'CUST180', 41, 'Male'),
(181, 'CUST181', 19, 'Male'),
(182, 'CUST182', 62, 'Male'),
(183, 'CUST183', 43, 'Female'),
(184, 'CUST184', 31, 'Male'),
(185, 'CUST185', 24, 'Male'),
(186, 'CUST186', 20, 'Male'),
(187, 'CUST187', 64, 'Female'),
(188, 'CUST188', 40, 'Male'),
(189, 'CUST189', 63, 'Male'),
(190, 'CUST190', 60, 'Female'),
(191, 'CUST191', 64, 'Male'),
(192, 'CUST192', 62, 'Male'),
(193, 'CUST193', 35, 'Male'),
(194, 'CUST194', 55, 'Male'),
(195, 'CUST195', 52, 'Male'),
(196, 'CUST196', 32, 'Female'),
(197, 'CUST197', 42, 'Female'),
(198, 'CUST198', 54, 'Female'),
(199, 'CUST199', 45, 'Male'),
(200, 'CUST200', 27, 'Male'),
(201, 'CUST201', 56, 'Male'),
(202, 'CUST202', 34, 'Female'),
(203, 'CUST203', 56, 'Male'),
(204, 'CUST204', 39, 'Male'),
(205, 'CUST205', 43, 'Female'),
(206, 'CUST206', 61, 'Male'),
(207, 'CUST207', 42, 'Female'),
(208, 'CUST208', 34, 'Female'),
(209, 'CUST209', 30, 'Female'),
(210, 'CUST210', 37, 'Male'),
(211, 'CUST211', 42, 'Male'),
(212, 'CUST212', 21, 'Male'),
(213, 'CUST213', 27, 'Male'),
(214, 'CUST214', 20, 'Male'),
(215, 'CUST215', 58, 'Male'),
(216, 'CUST216', 62, 'Male'),
(217, 'CUST217', 35, 'Female'),
(218, 'CUST218', 64, 'Male'),
(219, 'CUST219', 53, 'Female'),
(220, 'CUST220', 64, 'Male'),
(221, 'CUST221', 39, 'Male'),
(222, 'CUST222', 51, 'Male'),
(223, 'CUST223', 64, 'Female'),
(224, 'CUST224', 25, 'Female'),
(225, 'CUST225', 57, 'Female'),
(226, 'CUST226', 61, 'Female'),
(227, 'CUST227', 36, 'Male'),
(228, 'CUST228', 59, 'Female'),
(229, 'CUST229', 58, 'Male'),
(230, 'CUST230', 54, 'Male'),
(231, 'CUST231', 23, 'Female'),
(232, 'CUST232', 43, 'Female'),
(233, 'CUST233', 51, 'Female'),
(234, 'CUST234', 62, 'Female'),
(235, 'CUST235', 23, 'Female'),
(236, 'CUST236', 54, 'Female'),
(237, 'CUST237', 50, 'Female'),
(238, 'CUST238', 39, 'Female'),
(239, 'CUST239', 38, 'Male'),
(240, 'CUST240', 23, 'Female'),
(241, 'CUST241', 23, 'Female'),
(242, 'CUST242', 21, 'Male'),
(243, 'CUST243', 47, 'Female'),
(244, 'CUST244', 28, 'Male'),
(245, 'CUST245', 47, 'Male'),
(246, 'CUST246', 48, 'Female'),
(247, 'CUST247', 41, 'Male'),
(248, 'CUST248', 26, 'Male'),
(249, 'CUST249', 20, 'Male'),
(250, 'CUST250', 48, 'Male'),
(251, 'CUST251', 57, 'Female'),
(252, 'CUST252', 54, 'Male'),
(253, 'CUST253', 53, 'Female'),
(254, 'CUST254', 41, 'Male'),
(255, 'CUST255', 48, 'Male'),
(256, 'CUST256', 23, 'Male'),
(257, 'CUST257', 19, 'Male'),
(258, 'CUST258', 37, 'Female'),
(259, 'CUST259', 45, 'Female'),
(260, 'CUST260', 28, 'Male'),
(261, 'CUST261', 21, 'Male'),
(262, 'CUST262', 32, 'Female'),
(263, 'CUST263', 23, 'Male'),
(264, 'CUST264', 47, 'Male'),
(265, 'CUST265', 55, 'Male'),
(266, 'CUST266', 19, 'Female'),
(267, 'CUST267', 32, 'Female'),
(268, 'CUST268', 28, 'Female'),
(269, 'CUST269', 25, 'Male'),
(270, 'CUST270', 43, 'Male'),
(271, 'CUST271', 62, 'Female'),
(272, 'CUST272', 61, 'Female'),
(273, 'CUST273', 22, 'Female'),
(274, 'CUST274', 23, 'Female'),
(275, 'CUST275', 43, 'Male'),
(276, 'CUST276', 21, 'Female'),
(277, 'CUST277', 36, 'Male'),
(278, 'CUST278', 37, 'Female'),
(279, 'CUST279', 50, 'Male'),
(280, 'CUST280', 37, 'Female'),
(281, 'CUST281', 29, 'Female'),
(282, 'CUST282', 64, 'Female'),
(283, 'CUST283', 18, 'Female'),
(284, 'CUST284', 43, 'Male'),
(285, 'CUST285', 31, 'Female'),
(286, 'CUST286', 55, 'Male'),
(287, 'CUST287', 54, 'Male'),
(288, 'CUST288', 28, 'Male'),
(289, 'CUST289', 53, 'Male'),
(290, 'CUST290', 30, 'Female'),
(291, 'CUST291', 60, 'Male'),
(292, 'CUST292', 20, 'Male'),
(293, 'CUST293', 50, 'Male'),
(294, 'CUST294', 23, 'Female'),
(295, 'CUST295', 27, 'Female'),
(296, 'CUST296', 22, 'Female'),
(297, 'CUST297', 40, 'Female'),
(298, 'CUST298', 27, 'Male'),
(299, 'CUST299', 61, 'Male'),
(300, 'CUST300', 19, 'Female'),
(301, 'CUST301', 30, 'Male'),
(302, 'CUST302', 57, 'Male'),
(303, 'CUST303', 19, 'Male'),
(304, 'CUST304', 37, 'Female'),
(305, 'CUST305', 18, 'Female'),
(306, 'CUST306', 54, 'Male'),
(307, 'CUST307', 26, 'Female'),
(308, 'CUST308', 34, 'Female'),
(309, 'CUST309', 26, 'Female'),
(310, 'CUST310', 28, 'Female'),
(311, 'CUST311', 32, 'Female'),
(312, 'CUST312', 41, 'Male'),
(313, 'CUST313', 55, 'Female'),
(314, 'CUST314', 52, 'Male'),
(315, 'CUST315', 47, 'Male'),
(316, 'CUST316', 48, 'Female'),
(317, 'CUST317', 22, 'Male'),
(318, 'CUST318', 61, 'Male'),
(319, 'CUST319', 31, 'Male'),
(320, 'CUST320', 28, 'Female'),
(321, 'CUST321', 26, 'Female'),
(322, 'CUST322', 51, 'Male'),
(323, 'CUST323', 29, 'Female'),
(324, 'CUST324', 52, 'Female'),
(325, 'CUST325', 52, 'Female'),
(326, 'CUST326', 18, 'Female'),
(327, 'CUST327', 57, 'Male'),
(328, 'CUST328', 39, 'Male'),
(329, 'CUST329', 46, 'Female'),
(330, 'CUST330', 25, 'Female'),
(331, 'CUST331', 28, 'Male'),
(332, 'CUST332', 58, 'Male'),
(333, 'CUST333', 54, 'Female'),
(334, 'CUST334', 31, 'Male'),
(335, 'CUST335', 47, 'Female'),
(336, 'CUST336', 52, 'Female'),
(337, 'CUST337', 38, 'Male'),
(338, 'CUST338', 54, 'Male'),
(339, 'CUST339', 22, 'Female'),
(340, 'CUST340', 36, 'Female'),
(341, 'CUST341', 31, 'Male'),
(342, 'CUST342', 43, 'Female'),
(343, 'CUST343', 21, 'Male'),
(344, 'CUST344', 42, 'Female'),
(345, 'CUST345', 62, 'Male'),
(346, 'CUST346', 59, 'Male'),
(347, 'CUST347', 42, 'Male'),
(348, 'CUST348', 35, 'Female'),
(349, 'CUST349', 57, 'Female'),
(350, 'CUST350', 25, 'Male'),
(351, 'CUST351', 56, 'Female'),
(352, 'CUST352', 57, 'Male'),
(353, 'CUST353', 31, 'Male'),
(354, 'CUST354', 49, 'Female'),
(355, 'CUST355', 55, 'Female'),
(356, 'CUST356', 50, 'Male'),
(357, 'CUST357', 40, 'Female'),
(358, 'CUST358', 32, 'Female'),
(359, 'CUST359', 50, 'Male'),
(360, 'CUST360', 42, 'Male'),
(361, 'CUST361', 34, 'Female'),
(362, 'CUST362', 50, 'Male'),
(363, 'CUST363', 64, 'Male'),
(364, 'CUST364', 19, 'Female'),
(365, 'CUST365', 31, 'Male'),
(366, 'CUST366', 57, 'Male'),
(367, 'CUST367', 57, 'Female'),
(368, 'CUST368', 56, 'Female'),
(369, 'CUST369', 23, 'Male'),
(370, 'CUST370', 23, 'Male'),
(371, 'CUST371', 20, 'Female'),
(372, 'CUST372', 24, 'Female'),
(373, 'CUST373', 25, 'Female'),
(374, 'CUST374', 59, 'Female'),
(375, 'CUST375', 32, 'Male'),
(376, 'CUST376', 64, 'Female'),
(377, 'CUST377', 46, 'Female'),
(378, 'CUST378', 50, 'Male'),
(379, 'CUST379', 47, 'Female'),
(380, 'CUST380', 56, 'Male'),
(381, 'CUST381', 44, 'Female'),
(382, 'CUST382', 53, 'Female'),
(383, 'CUST383', 46, 'Female'),
(384, 'CUST384', 55, 'Male'),
(385, 'CUST385', 50, 'Male'),
(386, 'CUST386', 54, 'Female'),
(387, 'CUST387', 44, 'Male'),
(388, 'CUST388', 50, 'Male'),
(389, 'CUST389', 21, 'Male'),
(390, 'CUST390', 39, 'Male'),
(391, 'CUST391', 19, 'Male'),
(392, 'CUST392', 27, 'Male'),
(393, 'CUST393', 22, 'Female'),
(394, 'CUST394', 27, 'Female'),
(395, 'CUST395', 50, 'Male'),
(396, 'CUST396', 55, 'Female'),
(397, 'CUST397', 30, 'Female'),
(398, 'CUST398', 48, 'Female'),
(399, 'CUST399', 64, 'Female'),
(400, 'CUST400', 53, 'Male'),
(401, 'CUST401', 62, 'Female'),
(402, 'CUST402', 41, 'Female'),
(403, 'CUST403', 32, 'Male'),
(404, 'CUST404', 46, 'Male'),
(405, 'CUST405', 25, 'Female'),
(406, 'CUST406', 22, 'Female'),
(407, 'CUST407', 46, 'Female'),
(408, 'CUST408', 64, 'Female'),
(409, 'CUST409', 21, 'Female'),
(410, 'CUST410', 29, 'Female'),
(411, 'CUST411', 62, 'Male'),
(412, 'CUST412', 19, 'Female'),
(413, 'CUST413', 44, 'Female'),
(414, 'CUST414', 48, 'Male'),
(415, 'CUST415', 53, 'Male'),
(416, 'CUST416', 53, 'Male'),
(417, 'CUST417', 43, 'Male'),
(418, 'CUST418', 60, 'Female'),
(419, 'CUST419', 44, 'Female'),
(420, 'CUST420', 22, 'Female'),
(421, 'CUST421', 37, 'Female'),
(422, 'CUST422', 28, 'Female'),
(423, 'CUST423', 27, 'Female'),
(424, 'CUST424', 57, 'Male'),
(425, 'CUST425', 55, 'Female'),
(426, 'CUST426', 23, 'Male'),
(427, 'CUST427', 25, 'Male'),
(428, 'CUST428', 40, 'Female'),
(429, 'CUST429', 64, 'Male'),
(430, 'CUST430', 43, 'Female'),
(431, 'CUST431', 63, 'Male'),
(432, 'CUST432', 60, 'Female'),
(433, 'CUST433', 29, 'Male'),
(434, 'CUST434', 43, 'Female'),
(435, 'CUST435', 30, 'Female'),
(436, 'CUST436', 57, 'Female'),
(437, 'CUST437', 35, 'Female'),
(438, 'CUST438', 42, 'Female'),
(439, 'CUST439', 50, 'Male'),
(440, 'CUST440', 64, 'Male'),
(441, 'CUST441', 57, 'Male'),
(442, 'CUST442', 60, 'Female'),
(443, 'CUST443', 29, 'Male'),
(444, 'CUST444', 61, 'Female'),
(445, 'CUST445', 53, 'Female'),
(446, 'CUST446', 21, 'Male'),
(447, 'CUST447', 22, 'Male'),
(448, 'CUST448', 54, 'Female'),
(449, 'CUST449', 25, 'Male'),
(450, 'CUST450', 59, 'Female'),
(451, 'CUST451', 45, 'Female'),
(452, 'CUST452', 48, 'Female'),
(453, 'CUST453', 26, 'Female'),
(454, 'CUST454', 46, 'Female'),
(455, 'CUST455', 31, 'Male'),
(456, 'CUST456', 57, 'Male'),
(457, 'CUST457', 58, 'Female'),
(458, 'CUST458', 39, 'Female'),
(459, 'CUST459', 28, 'Male'),
(460, 'CUST460', 40, 'Male'),
(461, 'CUST461', 18, 'Female'),
(462, 'CUST462', 63, 'Male'),
(463, 'CUST463', 54, 'Female'),
(464, 'CUST464', 38, 'Male'),
(465, 'CUST465', 43, 'Female'),
(466, 'CUST466', 63, 'Male'),
(467, 'CUST467', 53, 'Female'),
(468, 'CUST468', 40, 'Male'),
(469, 'CUST469', 18, 'Male'),
(470, 'CUST470', 57, 'Female'),
(471, 'CUST471', 32, 'Male'),
(472, 'CUST472', 38, 'Female'),
(473, 'CUST473', 64, 'Male'),
(474, 'CUST474', 26, 'Female'),
(475, 'CUST475', 26, 'Male'),
(476, 'CUST476', 27, 'Female'),
(477, 'CUST477', 43, 'Male'),
(478, 'CUST478', 58, 'Female'),
(479, 'CUST479', 52, 'Male'),
(480, 'CUST480', 42, 'Female'),
(481, 'CUST481', 43, 'Female'),
(482, 'CUST482', 28, 'Female'),
(483, 'CUST483', 55, 'Male'),
(484, 'CUST484', 19, 'Female'),
(485, 'CUST485', 24, 'Male'),
(486, 'CUST486', 35, 'Female'),
(487, 'CUST487', 44, 'Male'),
(488, 'CUST488', 51, 'Female'),
(489, 'CUST489', 44, 'Male'),
(490, 'CUST490', 34, 'Male'),
(491, 'CUST491', 60, 'Female'),
(492, 'CUST492', 61, 'Male'),
(493, 'CUST493', 41, 'Male'),
(494, 'CUST494', 42, 'Female'),
(495, 'CUST495', 24, 'Male'),
(496, 'CUST496', 23, 'Male'),
(497, 'CUST497', 41, 'Male'),
(498, 'CUST498', 50, 'Female'),
(499, 'CUST499', 46, 'Male'),
(500, 'CUST500', 60, 'Female'),
(501, 'CUST501', 39, 'Male'),
(502, 'CUST502', 43, 'Male'),
(503, 'CUST503', 45, 'Male'),
(504, 'CUST504', 38, 'Female'),
(505, 'CUST505', 24, 'Male'),
(506, 'CUST506', 34, 'Male'),
(507, 'CUST507', 37, 'Female'),
(508, 'CUST508', 58, 'Male'),
(509, 'CUST509', 37, 'Female'),
(510, 'CUST510', 39, 'Female'),
(511, 'CUST511', 45, 'Male'),
(512, 'CUST512', 57, 'Female'),
(513, 'CUST513', 24, 'Male'),
(514, 'CUST514', 18, 'Female'),
(515, 'CUST515', 49, 'Female'),
(516, 'CUST516', 30, 'Male'),
(517, 'CUST517', 47, 'Female'),
(518, 'CUST518', 40, 'Female'),
(519, 'CUST519', 36, 'Female'),
(520, 'CUST520', 49, 'Female'),
(521, 'CUST521', 47, 'Female'),
(522, 'CUST522', 46, 'Male'),
(523, 'CUST523', 62, 'Female'),
(524, 'CUST524', 46, 'Male'),
(525, 'CUST525', 47, 'Female'),
(526, 'CUST526', 33, 'Male'),
(527, 'CUST527', 57, 'Male'),
(528, 'CUST528', 36, 'Female'),
(529, 'CUST529', 35, 'Female'),
(530, 'CUST530', 18, 'Female'),
(531, 'CUST531', 31, 'Male'),
(532, 'CUST532', 64, 'Female'),
(533, 'CUST533', 19, 'Male'),
(534, 'CUST534', 45, 'Male'),
(535, 'CUST535', 47, 'Male'),
(536, 'CUST536', 55, 'Female'),
(537, 'CUST537', 21, 'Female'),
(538, 'CUST538', 18, 'Male'),
(539, 'CUST539', 25, 'Male'),
(540, 'CUST540', 46, 'Female'),
(541, 'CUST541', 56, 'Male'),
(542, 'CUST542', 20, 'Female'),
(543, 'CUST543', 49, 'Male'),
(544, 'CUST544', 27, 'Female'),
(545, 'CUST545', 27, 'Male'),
(546, 'CUST546', 36, 'Female'),
(547, 'CUST547', 63, 'Male'),
(548, 'CUST548', 51, 'Female'),
(549, 'CUST549', 50, 'Female'),
(550, 'CUST550', 40, 'Male'),
(551, 'CUST551', 45, 'Male'),
(552, 'CUST552', 49, 'Female'),
(553, 'CUST553', 24, 'Male'),
(554, 'CUST554', 46, 'Female'),
(555, 'CUST555', 25, 'Male'),
(556, 'CUST556', 18, 'Female'),
(557, 'CUST557', 20, 'Female'),
(558, 'CUST558', 41, 'Female'),
(559, 'CUST559', 40, 'Female'),
(560, 'CUST560', 25, 'Female'),
(561, 'CUST561', 64, 'Female'),
(562, 'CUST562', 54, 'Male'),
(563, 'CUST563', 20, 'Male'),
(564, 'CUST564', 50, 'Male'),
(565, 'CUST565', 45, 'Female'),
(566, 'CUST566', 64, 'Female'),
(567, 'CUST567', 25, 'Female'),
(568, 'CUST568', 51, 'Female'),
(569, 'CUST569', 52, 'Male'),
(570, 'CUST570', 49, 'Male'),
(571, 'CUST571', 41, 'Female'),
(572, 'CUST572', 31, 'Male'),
(573, 'CUST573', 49, 'Male'),
(574, 'CUST574', 63, 'Female'),
(575, 'CUST575', 60, 'Male'),
(576, 'CUST576', 33, 'Female'),
(577, 'CUST577', 21, 'Male'),
(578, 'CUST578', 54, 'Female'),
(579, 'CUST579', 38, 'Female'),
(580, 'CUST580', 31, 'Female'),
(581, 'CUST581', 48, 'Female'),
(582, 'CUST582', 35, 'Male'),
(583, 'CUST583', 24, 'Female'),
(584, 'CUST584', 27, 'Female'),
(585, 'CUST585', 24, 'Female'),
(586, 'CUST586', 50, 'Male'),
(587, 'CUST587', 40, 'Female'),
(588, 'CUST588', 38, 'Male'),
(589, 'CUST589', 36, 'Female'),
(590, 'CUST590', 36, 'Male'),
(591, 'CUST591', 53, 'Male'),
(592, 'CUST592', 46, 'Female'),
(593, 'CUST593', 35, 'Male'),
(594, 'CUST594', 19, 'Female'),
(595, 'CUST595', 18, 'Female'),
(596, 'CUST596', 64, 'Female'),
(597, 'CUST597', 22, 'Male'),
(598, 'CUST598', 37, 'Male'),
(599, 'CUST599', 28, 'Female'),
(600, 'CUST600', 59, 'Female'),
(601, 'CUST601', 19, 'Male'),
(602, 'CUST602', 20, 'Female'),
(603, 'CUST603', 40, 'Female'),
(604, 'CUST604', 29, 'Female'),
(605, 'CUST605', 37, 'Male'),
(606, 'CUST606', 22, 'Male'),
(607, 'CUST607', 54, 'Male'),
(608, 'CUST608', 55, 'Female'),
(609, 'CUST609', 47, 'Female'),
(610, 'CUST610', 26, 'Female'),
(611, 'CUST611', 51, 'Male'),
(612, 'CUST612', 61, 'Female'),
(613, 'CUST613', 52, 'Female'),
(614, 'CUST614', 39, 'Female'),
(615, 'CUST615', 61, 'Female'),
(616, 'CUST616', 41, 'Male'),
(617, 'CUST617', 34, 'Male'),
(618, 'CUST618', 27, 'Female'),
(619, 'CUST619', 47, 'Male'),
(620, 'CUST620', 63, 'Male'),
(621, 'CUST621', 40, 'Female'),
(622, 'CUST622', 49, 'Female'),
(623, 'CUST623', 34, 'Male'),
(624, 'CUST624', 34, 'Female'),
(625, 'CUST625', 31, 'Male'),
(626, 'CUST626', 26, 'Female'),
(627, 'CUST627', 57, 'Male'),
(628, 'CUST628', 19, 'Female'),
(629, 'CUST629', 62, 'Male'),
(630, 'CUST630', 42, 'Male'),
(631, 'CUST631', 56, 'Male'),
(632, 'CUST632', 26, 'Female'),
(633, 'CUST633', 39, 'Male'),
(634, 'CUST634', 60, 'Male'),
(635, 'CUST635', 63, 'Female'),
(636, 'CUST636', 21, 'Female'),
(637, 'CUST637', 43, 'Male'),
(638, 'CUST638', 46, 'Male'),
(639, 'CUST639', 62, 'Female'),
(640, 'CUST640', 51, 'Female'),
(641, 'CUST641', 40, 'Female'),
(642, 'CUST642', 54, 'Female'),
(643, 'CUST643', 28, 'Female'),
(644, 'CUST644', 23, 'Male'),
(645, 'CUST645', 35, 'Female'),
(646, 'CUST646', 38, 'Male'),
(647, 'CUST647', 59, 'Male'),
(648, 'CUST648', 53, 'Male'),
(649, 'CUST649', 58, 'Female'),
(650, 'CUST650', 55, 'Male'),
(651, 'CUST651', 51, 'Male'),
(652, 'CUST652', 34, 'Female'),
(653, 'CUST653', 54, 'Male'),
(654, 'CUST654', 42, 'Male'),
(655, 'CUST655', 55, 'Female'),
(656, 'CUST656', 29, 'Male'),
(657, 'CUST657', 40, 'Male'),
(658, 'CUST658', 59, 'Male'),
(659, 'CUST659', 39, 'Female'),
(660, 'CUST660', 38, 'Female'),
(661, 'CUST661', 44, 'Female'),
(662, 'CUST662', 48, 'Male'),
(663, 'CUST663', 23, 'Male'),
(664, 'CUST664', 44, 'Female'),
(665, 'CUST665', 57, 'Male'),
(666, 'CUST666', 51, 'Male'),
(667, 'CUST667', 29, 'Female'),
(668, 'CUST668', 62, 'Female'),
(669, 'CUST669', 24, 'Male'),
(670, 'CUST670', 27, 'Male'),
(671, 'CUST671', 62, 'Male'),
(672, 'CUST672', 34, 'Female'),
(673, 'CUST673', 43, 'Female'),
(674, 'CUST674', 38, 'Female'),
(675, 'CUST675', 45, 'Female'),
(676, 'CUST676', 63, 'Male'),
(677, 'CUST677', 19, 'Female'),
(678, 'CUST678', 60, 'Female'),
(679, 'CUST679', 18, 'Female'),
(680, 'CUST680', 53, 'Female'),
(681, 'CUST681', 43, 'Female'),
(682, 'CUST682', 46, 'Male'),
(683, 'CUST683', 38, 'Male'),
(684, 'CUST684', 28, 'Female'),
(685, 'CUST685', 57, 'Male'),
(686, 'CUST686', 28, 'Female'),
(687, 'CUST687', 53, 'Female'),
(688, 'CUST688', 56, 'Male'),
(689, 'CUST689', 57, 'Male'),
(690, 'CUST690', 52, 'Female'),
(691, 'CUST691', 51, 'Female'),
(692, 'CUST692', 64, 'Female'),
(693, 'CUST693', 41, 'Male'),
(694, 'CUST694', 39, 'Female'),
(695, 'CUST695', 22, 'Female'),
(696, 'CUST696', 50, 'Female'),
(697, 'CUST697', 53, 'Male'),
(698, 'CUST698', 64, 'Female'),
(699, 'CUST699', 37, 'Female'),
(700, 'CUST700', 36, 'Male'),
(701, 'CUST701', 52, 'Female'),
(702, 'CUST702', 60, 'Female'),
(703, 'CUST703', 34, 'Male'),
(704, 'CUST704', 62, 'Female'),
(705, 'CUST705', 60, 'Male'),
(706, 'CUST706', 51, 'Male'),
(707, 'CUST707', 26, 'Female'),
(708, 'CUST708', 43, 'Female'),
(709, 'CUST709', 19, 'Female'),
(710, 'CUST710', 26, 'Female'),
(711, 'CUST711', 26, 'Male'),
(712, 'CUST712', 57, 'Female'),
(713, 'CUST713', 34, 'Male'),
(714, 'CUST714', 18, 'Female'),
(715, 'CUST715', 42, 'Female'),
(716, 'CUST716', 60, 'Female'),
(717, 'CUST717', 57, 'Male'),
(718, 'CUST718', 59, 'Female'),
(719, 'CUST719', 42, 'Female'),
(720, 'CUST720', 56, 'Female'),
(721, 'CUST721', 52, 'Female'),
(722, 'CUST722', 20, 'Male'),
(723, 'CUST723', 54, 'Female'),
(724, 'CUST724', 61, 'Male'),
(725, 'CUST725', 61, 'Male'),
(726, 'CUST726', 47, 'Male'),
(727, 'CUST727', 55, 'Male'),
(728, 'CUST728', 51, 'Male'),
(729, 'CUST729', 29, 'Male'),
(730, 'CUST730', 36, 'Female'),
(731, 'CUST731', 54, 'Male'),
(732, 'CUST732', 61, 'Male'),
(733, 'CUST733', 34, 'Male'),
(734, 'CUST734', 27, 'Female'),
(735, 'CUST735', 64, 'Female'),
(736, 'CUST736', 29, 'Male'),
(737, 'CUST737', 33, 'Female'),
(738, 'CUST738', 41, 'Male'),
(739, 'CUST739', 36, 'Male'),
(740, 'CUST740', 25, 'Female'),
(741, 'CUST741', 48, 'Male'),
(742, 'CUST742', 38, 'Female'),
(743, 'CUST743', 34, 'Female'),
(744, 'CUST744', 40, 'Male'),
(745, 'CUST745', 54, 'Male'),
(746, 'CUST746', 33, 'Female'),
(747, 'CUST747', 23, 'Male'),
(748, 'CUST748', 25, 'Male'),
(749, 'CUST749', 42, 'Male'),
(750, 'CUST750', 35, 'Female'),
(751, 'CUST751', 42, 'Female'),
(752, 'CUST752', 29, 'Male'),
(753, 'CUST753', 32, 'Female'),
(754, 'CUST754', 43, 'Female'),
(755, 'CUST755', 58, 'Female'),
(756, 'CUST756', 62, 'Female'),
(757, 'CUST757', 43, 'Female'),
(758, 'CUST758', 64, 'Male'),
(759, 'CUST759', 49, 'Male'),
(760, 'CUST760', 27, 'Male'),
(761, 'CUST761', 33, 'Female'),
(762, 'CUST762', 24, 'Female'),
(763, 'CUST763', 34, 'Male'),
(764, 'CUST764', 40, 'Female'),
(765, 'CUST765', 43, 'Male'),
(766, 'CUST766', 38, 'Male'),
(767, 'CUST767', 39, 'Male'),
(768, 'CUST768', 24, 'Female'),
(769, 'CUST769', 31, 'Female'),
(770, 'CUST770', 32, 'Male'),
(771, 'CUST771', 24, 'Male'),
(772, 'CUST772', 26, 'Male'),
(773, 'CUST773', 25, 'Male'),
(774, 'CUST774', 40, 'Female'),
(775, 'CUST775', 46, 'Female'),
(776, 'CUST776', 35, 'Male'),
(777, 'CUST777', 48, 'Male'),
(778, 'CUST778', 47, 'Female'),
(779, 'CUST779', 56, 'Female'),
(780, 'CUST780', 52, 'Male'),
(781, 'CUST781', 35, 'Male'),
(782, 'CUST782', 59, 'Male'),
(783, 'CUST783', 56, 'Female'),
(784, 'CUST784', 34, 'Female'),
(785, 'CUST785', 31, 'Female'),
(786, 'CUST786', 48, 'Male'),
(787, 'CUST787', 41, 'Male'),
(788, 'CUST788', 52, 'Female'),
(789, 'CUST789', 61, 'Female'),
(790, 'CUST790', 62, 'Male'),
(791, 'CUST791', 51, 'Female'),
(792, 'CUST792', 20, 'Female'),
(793, 'CUST793', 54, 'Male'),
(794, 'CUST794', 60, 'Female'),
(795, 'CUST795', 57, 'Male'),
(796, 'CUST796', 43, 'Male'),
(797, 'CUST797', 40, 'Male'),
(798, 'CUST798', 61, 'Male'),
(799, 'CUST799', 56, 'Male'),
(800, 'CUST800', 32, 'Male'),
(801, 'CUST801', 21, 'Male'),
(802, 'CUST802', 46, 'Female'),
(803, 'CUST803', 39, 'Male'),
(804, 'CUST804', 42, 'Male'),
(805, 'CUST805', 30, 'Female'),
(806, 'CUST806', 35, 'Female'),
(807, 'CUST807', 50, 'Female'),
(808, 'CUST808', 33, 'Male'),
(809, 'CUST809', 62, 'Female'),
(810, 'CUST810', 59, 'Male'),
(811, 'CUST811', 61, 'Male'),
(812, 'CUST812', 19, 'Male'),
(813, 'CUST813', 52, 'Male'),
(814, 'CUST814', 59, 'Female'),
(815, 'CUST815', 51, 'Female'),
(816, 'CUST816', 47, 'Male'),
(817, 'CUST817', 30, 'Male'),
(818, 'CUST818', 30, 'Male'),
(819, 'CUST819', 35, 'Female'),
(820, 'CUST820', 49, 'Male'),
(821, 'CUST821', 49, 'Male'),
(822, 'CUST822', 52, 'Female'),
(823, 'CUST823', 56, 'Female'),
(824, 'CUST824', 63, 'Male'),
(825, 'CUST825', 46, 'Female'),
(826, 'CUST826', 46, 'Female'),
(827, 'CUST827', 61, 'Male'),
(828, 'CUST828', 33, 'Female'),
(829, 'CUST829', 61, 'Male'),
(830, 'CUST830', 64, 'Female'),
(831, 'CUST831', 27, 'Male'),
(832, 'CUST832', 47, 'Male'),
(833, 'CUST833', 42, 'Male'),
(834, 'CUST834', 56, 'Female'),
(835, 'CUST835', 37, 'Male'),
(836, 'CUST836', 22, 'Female'),
(837, 'CUST837', 18, 'Male'),
(838, 'CUST838', 47, 'Male'),
(839, 'CUST839', 20, 'Female'),
(840, 'CUST840', 62, 'Male'),
(841, 'CUST841', 31, 'Male'),
(842, 'CUST842', 47, 'Female'),
(843, 'CUST843', 21, 'Male'),
(844, 'CUST844', 35, 'Male'),
(845, 'CUST845', 54, 'Male'),
(846, 'CUST846', 42, 'Male'),
(847, 'CUST847', 18, 'Female'),
(848, 'CUST848', 63, 'Female'),
(849, 'CUST849', 32, 'Male'),
(850, 'CUST850', 26, 'Female'),
(851, 'CUST851', 32, 'Male'),
(852, 'CUST852', 41, 'Female'),
(853, 'CUST853', 21, 'Male'),
(854, 'CUST854', 29, 'Male'),
(855, 'CUST855', 54, 'Male'),
(856, 'CUST856', 54, 'Male'),
(857, 'CUST857', 60, 'Male'),
(858, 'CUST858', 23, 'Male'),
(859, 'CUST859', 56, 'Female'),
(860, 'CUST860', 63, 'Male'),
(861, 'CUST861', 41, 'Female'),
(862, 'CUST862', 28, 'Male'),
(863, 'CUST863', 30, 'Female'),
(864, 'CUST864', 51, 'Female'),
(865, 'CUST865', 42, 'Female'),
(866, 'CUST866', 24, 'Male'),
(867, 'CUST867', 21, 'Male'),
(868, 'CUST868', 25, 'Female'),
(869, 'CUST869', 37, 'Male'),
(870, 'CUST870', 46, 'Female'),
(871, 'CUST871', 62, 'Male'),
(872, 'CUST872', 63, 'Female'),
(873, 'CUST873', 27, 'Female'),
(874, 'CUST874', 60, 'Male'),
(875, 'CUST875', 51, 'Female'),
(876, 'CUST876', 43, 'Male'),
(877, 'CUST877', 58, 'Female'),
(878, 'CUST878', 20, 'Female'),
(879, 'CUST879', 23, 'Male'),
(880, 'CUST880', 22, 'Male'),
(881, 'CUST881', 22, 'Male'),
(882, 'CUST882', 64, 'Female'),
(883, 'CUST883', 40, 'Male'),
(884, 'CUST884', 26, 'Female'),
(885, 'CUST885', 52, 'Female'),
(886, 'CUST886', 37, 'Male'),
(887, 'CUST887', 59, 'Male'),
(888, 'CUST888', 52, 'Female'),
(889, 'CUST889', 35, 'Female'),
(890, 'CUST890', 34, 'Male'),
(891, 'CUST891', 41, 'Male'),
(892, 'CUST892', 20, 'Male'),
(893, 'CUST893', 49, 'Male'),
(894, 'CUST894', 52, 'Male'),
(895, 'CUST895', 55, 'Female'),
(896, 'CUST896', 30, 'Female'),
(897, 'CUST897', 64, 'Female'),
(898, 'CUST898', 42, 'Female'),
(899, 'CUST899', 26, 'Male'),
(900, 'CUST900', 21, 'Male'),
(901, 'CUST901', 31, 'Male'),
(902, 'CUST902', 54, 'Female'),
(903, 'CUST903', 51, 'Female'),
(904, 'CUST904', 28, 'Male'),
(905, 'CUST905', 58, 'Male'),
(906, 'CUST906', 20, 'Female'),
(907, 'CUST907', 45, 'Female'),
(908, 'CUST908', 46, 'Male'),
(909, 'CUST909', 26, 'Male'),
(910, 'CUST910', 20, 'Female'),
(911, 'CUST911', 42, 'Male'),
(912, 'CUST912', 51, 'Male'),
(913, 'CUST913', 29, 'Male'),
(914, 'CUST914', 59, 'Female'),
(915, 'CUST915', 26, 'Female'),
(916, 'CUST916', 32, 'Female'),
(917, 'CUST917', 57, 'Female'),
(918, 'CUST918', 42, 'Female'),
(919, 'CUST919', 22, 'Female'),
(920, 'CUST920', 28, 'Female'),
(921, 'CUST921', 51, 'Male'),
(922, 'CUST922', 41, 'Male'),
(923, 'CUST923', 32, 'Male'),
(924, 'CUST924', 55, 'Male'),
(925, 'CUST925', 25, 'Male'),
(926, 'CUST926', 22, 'Male'),
(927, 'CUST927', 43, 'Male'),
(928, 'CUST928', 35, 'Female'),
(929, 'CUST929', 23, 'Female'),
(930, 'CUST930', 54, 'Male'),
(931, 'CUST931', 30, 'Male'),
(932, 'CUST932', 45, 'Female'),
(933, 'CUST933', 22, 'Male'),
(934, 'CUST934', 30, 'Male'),
(935, 'CUST935', 34, 'Female'),
(936, 'CUST936', 57, 'Male'),
(937, 'CUST937', 62, 'Female'),
(938, 'CUST938', 49, 'Male'),
(939, 'CUST939', 46, 'Female'),
(940, 'CUST940', 20, 'Female'),
(941, 'CUST941', 57, 'Female'),
(942, 'CUST942', 51, 'Male'),
(943, 'CUST943', 57, 'Female'),
(944, 'CUST944', 44, 'Male'),
(945, 'CUST945', 30, 'Male'),
(946, 'CUST946', 62, 'Male'),
(947, 'CUST947', 50, 'Male'),
(948, 'CUST948', 23, 'Female'),
(949, 'CUST949', 41, 'Female'),
(950, 'CUST950', 36, 'Male'),
(951, 'CUST951', 33, 'Male'),
(952, 'CUST952', 57, 'Female'),
(953, 'CUST953', 45, 'Male'),
(954, 'CUST954', 50, 'Female'),
(955, 'CUST955', 58, 'Male'),
(956, 'CUST956', 30, 'Male'),
(957, 'CUST957', 60, 'Female'),
(958, 'CUST958', 62, 'Male'),
(959, 'CUST959', 42, 'Female'),
(960, 'CUST960', 59, 'Male'),
(961, 'CUST961', 53, 'Male'),
(962, 'CUST962', 44, 'Male'),
(963, 'CUST963', 55, 'Female'),
(964, 'CUST964', 24, 'Male'),
(965, 'CUST965', 22, 'Male'),
(966, 'CUST966', 60, 'Male'),
(967, 'CUST967', 62, 'Male'),
(968, 'CUST968', 48, 'Female'),
(969, 'CUST969', 40, 'Female'),
(970, 'CUST970', 59, 'Male'),
(971, 'CUST971', 27, 'Female'),
(972, 'CUST972', 49, 'Male'),
(973, 'CUST973', 60, 'Male'),
(974, 'CUST974', 47, 'Male'),
(975, 'CUST975', 56, 'Female'),
(976, 'CUST976', 48, 'Female'),
(977, 'CUST977', 35, 'Female'),
(978, 'CUST978', 53, 'Female'),
(979, 'CUST979', 19, 'Female'),
(980, 'CUST980', 31, 'Female'),
(981, 'CUST981', 30, 'Female'),
(982, 'CUST982', 46, 'Female'),
(983, 'CUST983', 29, 'Female'),
(984, 'CUST984', 56, 'Male'),
(985, 'CUST985', 19, 'Female'),
(986, 'CUST986', 49, 'Female'),
(987, 'CUST987', 30, 'Female'),
(988, 'CUST988', 63, 'Female'),
(989, 'CUST989', 44, 'Female'),
(990, 'CUST990', 58, 'Female'),
(991, 'CUST991', 34, 'Female'),
(992, 'CUST992', 57, 'Female'),
(993, 'CUST993', 48, 'Female'),
(994, 'CUST994', 51, 'Female'),
(995, 'CUST995', 41, 'Female'),
(996, 'CUST996', 62, 'Male'),
(997, 'CUST997', 52, 'Male'),
(998, 'CUST998', 23, 'Female'),
(999, 'CUST999', 36, 'Female');

-- --------------------------------------------------------

--
-- Struktur dari tabel `dim_date`
--

CREATE TABLE `dim_date` (
  `technical/surrogate key field` bigint NOT NULL,
  `Date` date DEFAULT NULL,
  `Year` int DEFAULT NULL,
  `Month` int DEFAULT NULL,
  `Day` int DEFAULT NULL,
  `Quarter` int DEFAULT NULL,
  `smart_key` int DEFAULT NULL
) ENGINE=InnoDB DEFAULT CHARSET=utf8mb4 COLLATE=utf8mb4_general_ci;

--
-- Dumping data untuk tabel `dim_date`
--

INSERT INTO `dim_date` (`technical/surrogate key field`, `Date`, `Year`, `Month`, `Day`, `Quarter`, `smart_key`) VALUES
(138, '2023-01-01', 2023, 1, 1, 1, 20230101),
(127, '2023-01-02', 2023, 1, 2, 1, 20230102),
(298, '2023-01-03', 2023, 1, 3, 1, 20230103),
(31, '2023-01-04', 2023, 1, 4, 1, 20230104),
(229, '2023-01-05', 2023, 1, 5, 1, 20230105),
(122, '2023-01-06', 2023, 1, 6, 1, 20230106),
(327, '2023-01-07', 2023, 1, 7, 1, 20230107),
(200, '2023-01-08', 2023, 1, 8, 1, 20230108),
(333, '2023-01-09', 2023, 1, 9, 1, 20230109),
(142, '2023-01-10', 2023, 1, 10, 1, 20230110),
(167, '2023-01-11', 2023, 1, 11, 1, 20230111),
(3, '2023-01-13', 2023, 1, 13, 1, 20230113),
(21, '2023-01-14', 2023, 1, 14, 1, 20230114),
(268, '2023-01-15', 2023, 1, 15, 1, 20230115),
(15, '2023-01-16', 2023, 1, 16, 1, 20230116),
(14, '2023-01-17', 2023, 1, 17, 1, 20230117),
(255, '2023-01-19', 2023, 1, 19, 1, 20230119),
(261, '2023-01-20', 2023, 1, 20, 1, 20230120),
(220, '2023-01-21', 2023, 1, 21, 1, 20230121),
(257, '2023-01-22', 2023, 1, 22, 1, 20230122),
(44, '2023-01-23', 2023, 1, 23, 1, 20230123),
(59, '2023-01-24', 2023, 1, 24, 1, 20230124),
(110, '2023-01-25', 2023, 1, 25, 1, 20230125),
(198, '2023-01-26', 2023, 1, 26, 1, 20230126),
(247, '2023-01-27', 2023, 1, 27, 1, 20230127),
(186, '2023-01-28', 2023, 1, 28, 1, 20230128),
(85, '2023-01-29', 2023, 1, 29, 1, 20230129),
(145, '2023-01-30', 2023, 1, 30, 1, 20230130),
(170, '2023-01-31', 2023, 1, 31, 1, 20230131),
(191, '2023-02-01', 2023, 2, 1, 1, 20230201),
(115, '2023-02-02', 2023, 2, 2, 1, 20230202),
(90, '2023-02-03', 2023, 2, 3, 1, 20230203),
(171, '2023-02-04', 2023, 2, 4, 1, 20230204),
(58, '2023-02-05', 2023, 2, 5, 1, 20230205),
(75, '2023-02-06', 2023, 2, 6, 1, 20230206),
(228, '2023-02-07', 2023, 2, 7, 1, 20230207),
(196, '2023-02-08', 2023, 2, 8, 1, 20230208),
(308, '2023-02-09', 2023, 2, 9, 1, 20230209),
(49, '2023-02-10', 2023, 2, 10, 1, 20230210),
(214, '2023-02-11', 2023, 2, 11, 1, 20230211),
(317, '2023-02-12', 2023, 2, 12, 1, 20230212),
(147, '2023-02-13', 2023, 2, 13, 1, 20230213),
(11, '2023-02-14', 2023, 2, 14, 1, 20230214),
(109, '2023-02-16', 2023, 2, 16, 1, 20230216),
(16, '2023-02-17', 2023, 2, 17, 1, 20230217),
(183, '2023-02-18', 2023, 2, 18, 1, 20230218),
(39, '2023-02-19', 2023, 2, 19, 1, 20230219),
(190, '2023-02-20', 2023, 2, 20, 1, 20230220),
(63, '2023-02-21', 2023, 2, 21, 1, 20230221),
(8, '2023-02-22', 2023, 2, 22, 1, 20230222),
(239, '2023-02-23', 2023, 2, 23, 1, 20230223),
(131, '2023-02-24', 2023, 2, 24, 1, 20230224),
(193, '2023-02-25', 2023, 2, 25, 1, 20230225),
(111, '2023-02-26', 2023, 2, 26, 1, 20230226),
(2, '2023-02-27', 2023, 2, 27, 1, 20230227),
(123, '2023-02-28', 2023, 2, 28, 1, 20230228),
(241, '2023-03-01', 2023, 3, 1, 1, 20230301),
(341, '2023-03-02', 2023, 3, 2, 1, 20230302),
(164, '2023-03-03', 2023, 3, 3, 1, 20230303),
(302, '2023-03-04', 2023, 3, 4, 1, 20230304),
(47, '2023-03-05', 2023, 3, 5, 1, 20230305),
(150, '2023-03-06', 2023, 3, 6, 1, 20230306),
(151, '2023-03-07', 2023, 3, 7, 1, 20230307),
(250, '2023-03-08', 2023, 3, 8, 1, 20230308),
(177, '2023-03-09', 2023, 3, 9, 1, 20230309),
(240, '2023-03-10', 2023, 3, 10, 1, 20230310),
(318, '2023-03-11', 2023, 3, 11, 1, 20230311),
(106, '2023-03-12', 2023, 3, 12, 1, 20230312),
(7, '2023-03-13', 2023, 3, 13, 1, 20230313),
(98, '2023-03-15', 2023, 3, 15, 1, 20230315),
(256, '2023-03-17', 2023, 3, 17, 1, 20230317),
(254, '2023-03-18', 2023, 3, 18, 1, 20230318),
(310, '2023-03-19', 2023, 3, 19, 1, 20230319),
(112, '2023-03-20', 2023, 3, 20, 1, 20230320),
(35, '2023-03-21', 2023, 3, 21, 1, 20230321),
(126, '2023-03-22', 2023, 3, 22, 1, 20230322),
(32, '2023-03-23', 2023, 3, 23, 1, 20230323),
(135, '2023-03-24', 2023, 3, 24, 1, 20230324),
(67, '2023-03-25', 2023, 3, 25, 1, 20230325),
(155, '2023-03-26', 2023, 3, 26, 1, 20230326),
(201, '2023-03-27', 2023, 3, 27, 1, 20230327),
(288, '2023-03-28', 2023, 3, 28, 1, 20230328),
(77, '2023-03-29', 2023, 3, 29, 1, 20230329),
(344, '2023-03-30', 2023, 3, 30, 1, 20230330),
(281, '2023-03-31', 2023, 3, 31, 1, 20230331),
(259, '2023-04-01', 2023, 4, 1, 2, 20230401),
(129, '2023-04-02', 2023, 4, 2, 2, 20230402),
(195, '2023-04-04', 2023, 4, 4, 2, 20230404),
(335, '2023-04-05', 2023, 4, 5, 2, 20230405),
(215, '2023-04-06', 2023, 4, 6, 2, 20230406),
(182, '2023-04-08', 2023, 4, 8, 2, 20230408),
(56, '2023-04-09', 2023, 4, 9, 2, 20230409),
(295, '2023-04-10', 2023, 4, 10, 2, 20230410),
(274, '2023-04-11', 2023, 4, 11, 2, 20230411),
(23, '2023-04-12', 2023, 4, 12, 2, 20230412),
(158, '2023-04-13', 2023, 4, 13, 2, 20230413),
(226, '2023-04-15', 2023, 4, 15, 2, 20230415),
(313, '2023-04-16', 2023, 4, 16, 2, 20230416),
(343, '2023-04-17', 2023, 4, 17, 2, 20230417),
(70, '2023-04-18', 2023, 4, 18, 2, 20230418),
(91, '2023-04-19', 2023, 4, 19, 2, 20230419),
(176, '2023-04-20', 2023, 4, 20, 2, 20230420),
(36, '2023-04-21', 2023, 4, 21, 2, 20230421),
(17, '2023-04-22', 2023, 4, 22, 2, 20230422),
(27, '2023-04-23', 2023, 4, 23, 2, 20230423),
(263, '2023-04-24', 2023, 4, 24, 2, 20230424),
(6, '2023-04-25', 2023, 4, 25, 2, 20230425),
(165, '2023-04-26', 2023, 4, 26, 2, 20230426),
(61, '2023-04-27', 2023, 4, 27, 2, 20230427),
(86, '2023-04-28', 2023, 4, 28, 2, 20230428),
(311, '2023-04-29', 2023, 4, 29, 2, 20230429),
(18, '2023-04-30', 2023, 4, 30, 2, 20230430),
(218, '2023-05-01', 2023, 5, 1, 2, 20230501),
(174, '2023-05-02', 2023, 5, 2, 2, 20230502),
(144, '2023-05-03', 2023, 5, 3, 2, 20230503),
(146, '2023-05-04', 2023, 5, 4, 2, 20230504),
(180, '2023-05-05', 2023, 5, 5, 2, 20230505),
(5, '2023-05-06', 2023, 5, 6, 2, 20230506),
(99, '2023-05-07', 2023, 5, 7, 2, 20230507),
(194, '2023-05-08', 2023, 5, 8, 2, 20230508),
(120, '2023-05-09', 2023, 5, 9, 2, 20230509),
(319, '2023-05-10', 2023, 5, 10, 2, 20230510),
(272, '2023-05-11', 2023, 5, 11, 2, 20230511),
(321, '2023-05-12', 2023, 5, 12, 2, 20230512),
(306, '2023-05-13', 2023, 5, 13, 2, 20230513),
(225, '2023-05-14', 2023, 5, 14, 2, 20230514),
(101, '2023-05-15', 2023, 5, 15, 2, 20230515),
(43, '2023-05-16', 2023, 5, 16, 2, 20230516),
(72, '2023-05-17', 2023, 5, 17, 2, 20230517),
(89, '2023-05-18', 2023, 5, 18, 2, 20230518),
(80, '2023-05-19', 2023, 5, 19, 2, 20230519),
(242, '2023-05-20', 2023, 5, 20, 2, 20230520),
(4, '2023-05-21', 2023, 5, 21, 2, 20230521),
(248, '2023-05-22', 2023, 5, 22, 2, 20230522),
(30, '2023-05-23', 2023, 5, 23, 2, 20230523),
(330, '2023-05-24', 2023, 5, 24, 2, 20230524),
(243, '2023-05-25', 2023, 5, 25, 2, 20230525),
(233, '2023-05-26', 2023, 5, 26, 2, 20230526),
(204, '2023-05-27', 2023, 5, 27, 2, 20230527),
(345, '2023-05-28', 2023, 5, 28, 2, 20230528),
(62, '2023-05-29', 2023, 5, 29, 2, 20230529),
(338, '2023-05-30', 2023, 5, 30, 2, 20230530),
(51, '2023-05-31', 2023, 5, 31, 2, 20230531),
(208, '2023-06-01', 2023, 6, 1, 2, 20230601),
(133, '2023-06-02', 2023, 6, 2, 2, 20230602),
(227, '2023-06-03', 2023, 6, 3, 2, 20230603),
(235, '2023-06-04', 2023, 6, 4, 2, 20230604),
(285, '2023-06-05', 2023, 6, 5, 2, 20230605),
(265, '2023-06-06', 2023, 6, 6, 2, 20230606),
(143, '2023-06-07', 2023, 6, 7, 2, 20230607),
(277, '2023-06-08', 2023, 6, 8, 2, 20230608),
(160, '2023-06-09', 2023, 6, 9, 2, 20230609),
(211, '2023-06-10', 2023, 6, 10, 2, 20230610),
(87, '2023-06-11', 2023, 6, 11, 2, 20230611),
(303, '2023-06-12', 2023, 6, 12, 2, 20230612),
(309, '2023-06-13', 2023, 6, 13, 2, 20230613),
(286, '2023-06-14', 2023, 6, 14, 2, 20230614),
(140, '2023-06-15', 2023, 6, 15, 2, 20230615),
(84, '2023-06-16', 2023, 6, 16, 2, 20230616),
(279, '2023-06-17', 2023, 6, 17, 2, 20230617),
(266, '2023-06-18', 2023, 6, 18, 2, 20230618),
(172, '2023-06-19', 2023, 6, 19, 2, 20230619),
(249, '2023-06-20', 2023, 6, 20, 2, 20230620),
(289, '2023-06-21', 2023, 6, 21, 2, 20230621),
(37, '2023-06-22', 2023, 6, 22, 2, 20230622),
(166, '2023-06-23', 2023, 6, 23, 2, 20230623),
(34, '2023-06-24', 2023, 6, 24, 2, 20230624),
(244, '2023-06-25', 2023, 6, 25, 2, 20230625),
(41, '2023-06-26', 2023, 6, 26, 2, 20230626),
(326, '2023-06-27', 2023, 6, 27, 2, 20230627),
(232, '2023-06-28', 2023, 6, 28, 2, 20230628),
(264, '2023-06-29', 2023, 6, 29, 2, 20230629),
(314, '2023-06-30', 2023, 6, 30, 2, 20230630),
(69, '2023-07-01', 2023, 7, 1, 3, 20230701),
(40, '2023-07-03', 2023, 7, 3, 3, 20230703),
(337, '2023-07-04', 2023, 7, 4, 3, 20230704),
(54, '2023-07-05', 2023, 7, 5, 3, 20230705),
(66, '2023-07-06', 2023, 7, 6, 3, 20230706),
(322, '2023-07-08', 2023, 7, 8, 3, 20230708),
(68, '2023-07-09', 2023, 7, 9, 3, 20230709),
(134, '2023-07-11', 2023, 7, 11, 3, 20230711),
(323, '2023-07-12', 2023, 7, 12, 3, 20230712),
(48, '2023-07-13', 2023, 7, 13, 3, 20230713),
(38, '2023-07-14', 2023, 7, 14, 3, 20230714),
(117, '2023-07-15', 2023, 7, 15, 3, 20230715),
(296, '2023-07-16', 2023, 7, 16, 3, 20230716),
(116, '2023-07-17', 2023, 7, 17, 3, 20230717),
(203, '2023-07-19', 2023, 7, 19, 3, 20230719),
(315, '2023-07-21', 2023, 7, 21, 3, 20230721),
(95, '2023-07-22', 2023, 7, 22, 3, 20230722),
(324, '2023-07-23', 2023, 7, 23, 3, 20230723),
(105, '2023-07-24', 2023, 7, 24, 3, 20230724),
(88, '2023-07-25', 2023, 7, 25, 3, 20230725),
(192, '2023-07-26', 2023, 7, 26, 3, 20230726),
(283, '2023-07-27', 2023, 7, 27, 3, 20230727),
(181, '2023-07-28', 2023, 7, 28, 3, 20230728),
(278, '2023-07-29', 2023, 7, 29, 3, 20230729),
(185, '2023-07-30', 2023, 7, 30, 3, 20230730),
(260, '2023-07-31', 2023, 7, 31, 3, 20230731),
(292, '2023-08-01', 2023, 8, 1, 3, 20230801),
(342, '2023-08-02', 2023, 8, 2, 3, 20230802),
(26, '2023-08-03', 2023, 8, 3, 3, 20230803),
(280, '2023-08-04', 2023, 8, 4, 3, 20230804),
(13, '2023-08-05', 2023, 8, 5, 3, 20230805),
(299, '2023-08-06', 2023, 8, 6, 3, 20230806),
(253, '2023-08-07', 2023, 8, 7, 3, 20230807),
(103, '2023-08-08', 2023, 8, 8, 3, 20230808),
(184, '2023-08-09', 2023, 8, 9, 3, 20230809),
(328, '2023-08-10', 2023, 8, 10, 3, 20230810),
(125, '2023-08-11', 2023, 8, 11, 3, 20230811),
(270, '2023-08-12', 2023, 8, 12, 3, 20230812),
(161, '2023-08-13', 2023, 8, 13, 3, 20230813),
(307, '2023-08-14', 2023, 8, 14, 3, 20230814),
(197, '2023-08-15', 2023, 8, 15, 3, 20230815),
(304, '2023-08-17', 2023, 8, 17, 3, 20230817),
(28, '2023-08-18', 2023, 8, 18, 3, 20230818),
(305, '2023-08-19', 2023, 8, 19, 3, 20230819),
(163, '2023-08-20', 2023, 8, 20, 3, 20230820),
(64, '2023-08-21', 2023, 8, 21, 3, 20230821),
(291, '2023-08-22', 2023, 8, 22, 3, 20230822),
(97, '2023-08-23', 2023, 8, 23, 3, 20230823),
(45, '2023-08-24', 2023, 8, 24, 3, 20230824),
(79, '2023-08-25', 2023, 8, 25, 3, 20230825),
(301, '2023-08-26', 2023, 8, 26, 3, 20230826),
(287, '2023-08-27', 2023, 8, 27, 3, 20230827),
(118, '2023-08-28', 2023, 8, 28, 3, 20230828),
(262, '2023-08-29', 2023, 8, 29, 3, 20230829),
(179, '2023-08-31', 2023, 8, 31, 3, 20230831),
(153, '2023-09-01', 2023, 9, 1, 3, 20230901),
(212, '2023-09-02', 2023, 9, 2, 3, 20230902),
(340, '2023-09-03', 2023, 9, 3, 3, 20230903),
(202, '2023-09-04', 2023, 9, 4, 3, 20230904),
(329, '2023-09-05', 2023, 9, 5, 3, 20230905),
(148, '2023-09-06', 2023, 9, 6, 3, 20230906),
(207, '2023-09-07', 2023, 9, 7, 3, 20230907),
(141, '2023-09-08', 2023, 9, 8, 3, 20230908),
(332, '2023-09-09', 2023, 9, 9, 3, 20230909),
(108, '2023-09-10', 2023, 9, 10, 3, 20230910),
(297, '2023-09-11', 2023, 9, 11, 3, 20230911),
(94, '2023-09-13', 2023, 9, 13, 3, 20230913),
(128, '2023-09-14', 2023, 9, 14, 3, 20230914),
(213, '2023-09-15', 2023, 9, 15, 3, 20230915),
(19, '2023-09-16', 2023, 9, 16, 3, 20230916),
(130, '2023-09-17', 2023, 9, 17, 3, 20230917),
(107, '2023-09-18', 2023, 9, 18, 3, 20230918),
(271, '2023-09-19', 2023, 9, 19, 3, 20230919),
(173, '2023-09-21', 2023, 9, 21, 3, 20230921),
(162, '2023-09-22', 2023, 9, 22, 3, 20230922),
(300, '2023-09-23', 2023, 9, 23, 3, 20230923),
(273, '2023-09-24', 2023, 9, 24, 3, 20230924),
(224, '2023-09-25', 2023, 9, 25, 3, 20230925),
(336, '2023-09-26', 2023, 9, 26, 3, 20230926),
(119, '2023-09-28', 2023, 9, 28, 3, 20230928),
(137, '2023-09-29', 2023, 9, 29, 3, 20230929),
(149, '2023-09-30', 2023, 9, 30, 3, 20230930),
(78, '2023-10-01', 2023, 10, 1, 4, 20231001),
(46, '2023-10-02', 2023, 10, 2, 4, 20231002),
(100, '2023-10-03', 2023, 10, 3, 4, 20231003),
(136, '2023-10-04', 2023, 10, 4, 4, 20231004),
(210, '2023-10-05', 2023, 10, 5, 4, 20231005),
(234, '2023-10-06', 2023, 10, 6, 4, 20231006),
(10, '2023-10-07', 2023, 10, 7, 4, 20231007),
(284, '2023-10-08', 2023, 10, 8, 4, 20231008),
(154, '2023-10-09', 2023, 10, 9, 4, 20231009),
(50, '2023-10-10', 2023, 10, 10, 4, 20231010),
(121, '2023-10-11', 2023, 10, 11, 4, 20231011),
(206, '2023-10-12', 2023, 10, 12, 4, 20231012),
(82, '2023-10-13', 2023, 10, 13, 4, 20231013),
(258, '2023-10-14', 2023, 10, 14, 4, 20231014),
(22, '2023-10-15', 2023, 10, 15, 4, 20231015),
(231, '2023-10-16', 2023, 10, 16, 4, 20231016),
(223, '2023-10-17', 2023, 10, 17, 4, 20231017),
(92, '2023-10-18', 2023, 10, 18, 4, 20231018),
(219, '2023-10-19', 2023, 10, 19, 4, 20231019),
(178, '2023-10-20', 2023, 10, 20, 4, 20231020),
(339, '2023-10-21', 2023, 10, 21, 4, 20231021),
(294, '2023-10-22', 2023, 10, 22, 4, 20231022),
(55, '2023-10-23', 2023, 10, 23, 4, 20231023),
(209, '2023-10-24', 2023, 10, 24, 4, 20231024),
(269, '2023-10-25', 2023, 10, 25, 4, 20231025),
(104, '2023-10-26', 2023, 10, 26, 4, 20231026),
(102, '2023-10-27', 2023, 10, 27, 4, 20231027),
(29, '2023-10-29', 2023, 10, 29, 4, 20231029),
(12, '2023-10-30', 2023, 10, 30, 4, 20231030),
(316, '2023-10-31', 2023, 10, 31, 4, 20231031),
(216, '2023-11-01', 2023, 11, 1, 4, 20231101),
(114, '2023-11-02', 2023, 11, 2, 4, 20231102),
(139, '2023-11-03', 2023, 11, 3, 4, 20231103),
(325, '2023-11-04', 2023, 11, 4, 4, 20231104),
(20, '2023-11-05', 2023, 11, 5, 4, 20231105),
(42, '2023-11-06', 2023, 11, 6, 4, 20231106),
(156, '2023-11-07', 2023, 11, 7, 4, 20231107),
(76, '2023-11-08', 2023, 11, 8, 4, 20231108),
(290, '2023-11-09', 2023, 11, 9, 4, 20231109),
(236, '2023-11-10', 2023, 11, 10, 4, 20231110),
(282, '2023-11-12', 2023, 11, 12, 4, 20231112),
(53, '2023-11-13', 2023, 11, 13, 4, 20231113),
(221, '2023-11-14', 2023, 11, 14, 4, 20231114),
(230, '2023-11-15', 2023, 11, 15, 4, 20231115),
(276, '2023-11-16', 2023, 11, 16, 4, 20231116),
(132, '2023-11-17', 2023, 11, 17, 4, 20231117),
(52, '2023-11-18', 2023, 11, 18, 4, 20231118),
(293, '2023-11-19', 2023, 11, 19, 4, 20231119),
(169, '2023-11-20', 2023, 11, 20, 4, 20231120),
(246, '2023-11-21', 2023, 11, 21, 4, 20231121),
(65, '2023-11-22', 2023, 11, 22, 4, 20231122),
(251, '2023-11-23', 2023, 11, 23, 4, 20231123),
(1, '2023-11-24', 2023, 11, 24, 4, 20231124),
(124, '2023-11-25', 2023, 11, 25, 4, 20231125),
(96, '2023-11-26', 2023, 11, 26, 4, 20231126),
(189, '2023-11-27', 2023, 11, 27, 4, 20231127),
(74, '2023-11-28', 2023, 11, 28, 4, 20231128),
(24, '2023-11-29', 2023, 11, 29, 4, 20231129),
(199, '2023-11-30', 2023, 11, 30, 4, 20231130),
(188, '2023-12-01', 2023, 12, 1, 4, 20231201),
(93, '2023-12-02', 2023, 12, 2, 4, 20231202),
(222, '2023-12-03', 2023, 12, 3, 4, 20231203),
(152, '2023-12-04', 2023, 12, 4, 4, 20231204),
(60, '2023-12-05', 2023, 12, 5, 4, 20231205),
(238, '2023-12-06', 2023, 12, 6, 4, 20231206),
(275, '2023-12-07', 2023, 12, 7, 4, 20231207),
(237, '2023-12-08', 2023, 12, 8, 4, 20231208),
(175, '2023-12-09', 2023, 12, 9, 4, 20231209),
(71, '2023-12-10', 2023, 12, 10, 4, 20231210),
(187, '2023-12-11', 2023, 12, 11, 4, 20231211),
(217, '2023-12-12', 2023, 12, 12, 4, 20231212),
(9, '2023-12-13', 2023, 12, 13, 4, 20231213),
(267, '2023-12-14', 2023, 12, 14, 4, 20231214),
(113, '2023-12-15', 2023, 12, 15, 4, 20231215),
(73, '2023-12-16', 2023, 12, 16, 4, 20231216),
(83, '2023-12-17', 2023, 12, 17, 4, 20231217),
(245, '2023-12-18', 2023, 12, 18, 4, 20231218),
(81, '2023-12-19', 2023, 12, 19, 4, 20231219),
(157, '2023-12-20', 2023, 12, 20, 4, 20231220),
(334, '2023-12-21', 2023, 12, 21, 4, 20231221),
(312, '2023-12-22', 2023, 12, 22, 4, 20231222),
(205, '2023-12-23', 2023, 12, 23, 4, 20231223),
(33, '2023-12-24', 2023, 12, 24, 4, 20231224),
(320, '2023-12-25', 2023, 12, 25, 4, 20231225),
(25, '2023-12-26', 2023, 12, 26, 4, 20231226),
(57, '2023-12-27', 2023, 12, 27, 4, 20231227),
(252, '2023-12-28', 2023, 12, 28, 4, 20231228),
(168, '2023-12-29', 2023, 12, 29, 4, 20231229),
(331, '2023-12-31', 2023, 12, 31, 4, 20231231),
(159, '2024-01-01', 2024, 1, 1, 1, 20240101);

-- --------------------------------------------------------

--
-- Struktur dari tabel `dim_product`
--

CREATE TABLE `dim_product` (
  `technical/surrogate key field` bigint NOT NULL,
  `Product Category` varchar(11) COLLATE utf8mb4_general_ci DEFAULT NULL
) ENGINE=InnoDB DEFAULT CHARSET=utf8mb4 COLLATE=utf8mb4_general_ci;

--
-- Dumping data untuk tabel `dim_product`
--

INSERT INTO `dim_product` (`technical/surrogate key field`, `Product Category`) VALUES
(1, 'Beauty'),
(2, 'Clothing'),
(3, 'Electronics');

-- --------------------------------------------------------

--
-- Struktur dari tabel `dim_store`
--

CREATE TABLE `dim_store` (
  `technical/surrogate key field` bigint NOT NULL,
  `Store_ID` varchar(4) COLLATE utf8mb4_general_ci DEFAULT NULL,
  `Store_Name` varchar(21) COLLATE utf8mb4_general_ci DEFAULT NULL,
  `City` varchar(11) COLLATE utf8mb4_general_ci DEFAULT NULL,
  `Region` varchar(11) COLLATE utf8mb4_general_ci DEFAULT NULL,
  `Manager_Name` varchar(23) COLLATE utf8mb4_general_ci DEFAULT NULL,
  `Product Category` varchar(15) COLLATE utf8mb4_general_ci DEFAULT NULL
) ENGINE=InnoDB DEFAULT CHARSET=utf8mb4 COLLATE=utf8mb4_general_ci;

--
-- Dumping data untuk tabel `dim_store`
--

INSERT INTO `dim_store` (`technical/surrogate key field`, `Store_ID`, `Store_Name`, `City`, `Region`, `Manager_Name`, `Product Category`) VALUES
(1, 'S001', 'Pakuwon Bekasi', 'Bekasi', 'Jawa Barat', 'Enrico Steven Ernest', 'Electronics'),
(2, 'S002', 'Pakuwon Solo', 'Solo', 'Jawa Tengah', 'Nadya Calystha Andini', 'Beauty'),
(3, 'S003', 'Grand Indonesia', 'Jakarta', 'DKI Jakarta', 'Akhdan Anargya Arisadi', 'Beauty'),
(4, 'S004', 'Duta Mall Banjarmasin', 'Banjarmasin', 'Kalimantan', 'Arvia Marthina Keliduan', 'Clothing'),
(5, 'S005', 'Metropolitan Bekasi', 'Bekasi', 'Jawa Barat', 'Mutiara Oktaviani', 'Electronics');

-- --------------------------------------------------------

--
-- Struktur dari tabel `fact_sales`
--

CREATE TABLE `fact_sales` (
  `sk_date` int DEFAULT NULL,
  `sk_customer` bigint DEFAULT NULL,
  `sk_product` bigint DEFAULT NULL,
  `sk_store` bigint DEFAULT NULL,
  `final_qty` int DEFAULT NULL,
  `final_amount` int DEFAULT NULL,
  `total_orders` bigint DEFAULT NULL,
  `fact_id` bigint NOT NULL
) ENGINE=InnoDB DEFAULT CHARSET=utf8mb4 COLLATE=utf8mb4_general_ci;

--
-- Dumping data untuk tabel `fact_sales`
--

INSERT INTO `fact_sales` (`sk_date`, `sk_customer`, `sk_product`, `sk_store`, `final_qty`, `final_amount`, `total_orders`, `fact_id`) VALUES
(20230101, 180, 2, 4, 3, 900, 1, 761),
(20230101, 522, 1, 3, 3, 1500, 1, 762),
(20230101, 559, 2, 4, 4, 1200, 1, 763),
(20230102, 163, 2, 4, 3, 150, 1, 764),
(20230102, 303, 3, 1, 3, 90, 1, 765),
(20230102, 421, 2, 4, 3, 1500, 1, 766),
(20230102, 979, 1, 2, 1, 25, 1, 767),
(20230103, 610, 1, 3, 2, 600, 1, 768),
(20230104, 32, 1, 3, 3, 90, 1, 769),
(20230104, 231, 2, 4, 3, 150, 1, 770),
(20230104, 683, 1, 2, 2, 1000, 1, 771),
(20230105, 367, 3, 5, 1, 50, 1, 772),
(20230105, 391, 1, 2, 2, 50, 1, 773),
(20230105, 432, 3, 5, 2, 1000, 1, 774),
(20230106, 150, 3, 1, 4, 120, 1, 775),
(20230106, 845, 2, 4, 1, 500, 1, 776),
(20230107, 797, 2, 4, 3, 75, 1, 777),
(20230107, 921, 3, 1, 3, 75, 1, 778),
(20230108, 291, 2, 4, 2, 600, 1, 779),
(20230108, 907, 3, 1, 1, 25, 1, 780),
(20230109, 860, 2, 4, 4, 200, 1, 781),
(20230110, 184, 3, 5, 4, 200, 1, 782),
(20230110, 734, 2, 4, 1, 30, 1, 783),
(20230111, 225, 1, 3, 4, 100, 1, 784),
(20230111, 679, 1, 2, 3, 90, 1, 785),
(20230111, 746, 2, 4, 3, 90, 1, 786),
(20230113, 3, 3, 5, 1, 30, 1, 787),
(20230113, 464, 3, 5, 2, 600, 1, 788),
(20230113, 484, 2, 4, 4, 1200, 1, 789),
(20230113, 591, 3, 1, 4, 100, 1, 790),
(20230114, 21, 1, 2, 1, 500, 1, 791),
(20230114, 708, 1, 3, 3, 900, 1, 792),
(20230114, 713, 1, 3, 3, 75, 1, 793),
(20230114, 768, 1, 3, 3, 75, 1, 794),
(20230115, 499, 1, 2, 2, 60, 1, 795),
(20230115, 697, 2, 4, 1, 500, 1, 796),
(20230115, 831, 3, 5, 4, 100, 1, 797),
(20230116, 15, 3, 5, 4, 2000, 1, 798),
(20230116, 743, 1, 3, 4, 2000, 1, 799),
(20230117, 14, 2, 4, 4, 120, 1, 800),
(20230117, 103, 2, 4, 1, 25, 1, 801),
(20230117, 238, 1, 3, 1, 500, 1, 802),
(20230117, 986, 2, 4, 2, 1000, 1, 803),
(20230119, 438, 2, 4, 1, 30, 1, 804),
(20230120, 475, 2, 4, 3, 75, 1, 805),
(20230120, 505, 1, 2, 1, 50, 1, 806),
(20230121, 344, 1, 3, 1, 30, 1, 807),
(20230121, 448, 1, 2, 2, 60, 1, 808),
(20230121, 742, 3, 1, 4, 2000, 1, 809),
(20230122, 445, 3, 5, 1, 300, 1, 810),
(20230122, 787, 3, 5, 1, 25, 1, 811),
(20230123, 49, 3, 5, 2, 1000, 1, 812),
(20230123, 420, 2, 4, 4, 2000, 1, 813),
(20230123, 519, 3, 5, 4, 120, 1, 814),
(20230124, 64, 2, 4, 4, 100, 1, 815),
(20230124, 592, 1, 2, 4, 2000, 1, 816),
(20230124, 912, 1, 3, 3, 150, 1, 817),
(20230125, 134, 3, 1, 1, 50, 1, 818),
(20230126, 288, 2, 4, 4, 120, 1, 819),
(20230126, 323, 1, 2, 3, 900, 1, 820),
(20230126, 618, 1, 3, 1, 50, 1, 821),
(20230126, 720, 1, 2, 3, 1500, 1, 822),
(20230127, 415, 2, 4, 2, 60, 1, 823),
(20230127, 736, 2, 4, 4, 100, 1, 824),
(20230127, 929, 1, 2, 3, 75, 1, 825),
(20230128, 264, 2, 4, 3, 900, 1, 826),
(20230128, 913, 3, 1, 3, 90, 1, 827),
(20230128, 940, 3, 5, 1, 30, 1, 828),
(20230129, 101, 2, 4, 2, 600, 1, 829),
(20230130, 189, 1, 2, 1, 50, 1, 830),
(20230130, 317, 3, 5, 3, 90, 1, 831),
(20230130, 322, 3, 5, 1, 500, 1, 832),
(20230130, 329, 3, 5, 4, 100, 1, 833),
(20230131, 235, 3, 1, 2, 1000, 1, 834),
(20230131, 300, 3, 1, 4, 200, 1, 835),
(20230131, 964, 2, 4, 3, 900, 1, 836),
(20230201, 269, 2, 4, 4, 2000, 1, 837),
(20230201, 320, 3, 5, 4, 1200, 1, 838),
(20230201, 673, 2, 4, 3, 1500, 1, 839),
(20230202, 142, 3, 5, 4, 1200, 1, 840),
(20230202, 223, 2, 4, 1, 25, 1, 841),
(20230202, 666, 3, 5, 3, 150, 1, 842),
(20230203, 107, 2, 4, 4, 1200, 1, 843),
(20230203, 933, 1, 2, 1, 30, 1, 844),
(20230204, 237, 1, 2, 2, 1000, 1, 845),
(20230204, 335, 1, 3, 4, 120, 1, 846),
(20230205, 63, 3, 1, 2, 50, 1, 847),
(20230205, 195, 2, 4, 1, 30, 1, 848),
(20230205, 333, 3, 5, 4, 1200, 1, 849),
(20230205, 379, 2, 4, 1, 25, 1, 850),
(20230205, 490, 2, 4, 3, 150, 1, 851),
(20230205, 530, 3, 5, 4, 120, 1, 852),
(20230205, 740, 1, 3, 4, 200, 1, 853),
(20230205, 793, 1, 3, 1, 30, 1, 854),
(20230206, 85, 2, 4, 3, 150, 1, 855),
(20230206, 232, 1, 3, 1, 25, 1, 856),
(20230206, 240, 1, 3, 1, 300, 1, 857),
(20230206, 993, 3, 5, 3, 150, 1, 858),
(20230207, 366, 2, 4, 2, 100, 1, 859),
(20230207, 372, 1, 3, 3, 1500, 1, 860),
(20230207, 596, 3, 1, 1, 300, 1, 861),
(20230207, 936, 1, 3, 4, 200, 1, 862),
(20230208, 284, 2, 4, 4, 200, 1, 863),
(20230208, 434, 3, 5, 2, 50, 1, 864),
(20230208, 775, 3, 5, 4, 100, 1, 865),
(20230208, 977, 3, 5, 3, 75, 1, 866),
(20230209, 649, 2, 4, 2, 600, 1, 867),
(20230210, 54, 3, 1, 3, 1500, 1, 868),
(20230210, 68, 3, 5, 1, 300, 1, 869),
(20230210, 192, 1, 3, 2, 100, 1, 870),
(20230211, 331, 3, 1, 3, 90, 1, 871),
(20230211, 346, 2, 4, 2, 1000, 1, 872),
(20230211, 657, 2, 4, 1, 25, 1, 873),
(20230211, 732, 3, 5, 2, 1000, 1, 874),
(20230211, 972, 1, 3, 4, 100, 1, 875),
(20230212, 714, 2, 4, 1, 500, 1, 876),
(20230213, 193, 1, 2, 3, 1500, 1, 877),
(20230213, 577, 1, 2, 4, 2000, 1, 878),
(20230213, 848, 2, 4, 3, 75, 1, 879),
(20230213, 945, 1, 3, 1, 25, 1, 880),
(20230214, 11, 2, 4, 2, 100, 1, 881),
(20230214, 821, 3, 5, 1, 300, 1, 882),
(20230216, 133, 3, 1, 3, 900, 1, 883),
(20230217, 16, 2, 4, 3, 1500, 1, 884),
(20230217, 42, 2, 4, 3, 900, 1, 885),
(20230217, 292, 1, 3, 4, 1200, 1, 886),
(20230217, 416, 3, 5, 4, 2000, 1, 887),
(20230217, 584, 1, 3, 4, 200, 1, 888),
(20230217, 861, 2, 4, 3, 90, 1, 889),
(20230218, 256, 2, 4, 2, 1000, 1, 890),
(20230219, 44, 2, 4, 1, 25, 1, 891),
(20230219, 257, 1, 3, 4, 2000, 1, 892),
(20230220, 268, 3, 5, 1, 30, 1, 893),
(20230220, 287, 2, 4, 4, 100, 1, 894),
(20230220, 966, 3, 1, 2, 1000, 1, 895),
(20230221, 70, 2, 4, 1, 300, 1, 896),
(20230221, 371, 1, 3, 1, 25, 1, 897),
(20230221, 900, 2, 4, 2, 60, 1, 898),
(20230222, 8, 3, 5, 4, 100, 1, 899),
(20230222, 41, 2, 4, 2, 50, 1, 900),
(20230222, 454, 1, 3, 1, 25, 1, 901),
(20230222, 780, 3, 5, 2, 50, 1, 902),
(20230222, 920, 1, 3, 3, 75, 1, 903),
(20230223, 396, 1, 2, 1, 30, 1, 904),
(20230224, 168, 2, 4, 1, 300, 1, 905),
(20230224, 400, 2, 4, 4, 200, 1, 906),
(20230224, 611, 1, 2, 3, 1500, 1, 907),
(20230224, 800, 2, 4, 4, 1200, 1, 908),
(20230225, 272, 3, 1, 2, 100, 1, 909),
(20230225, 473, 1, 2, 1, 50, 1, 910),
(20230225, 506, 1, 2, 3, 1500, 1, 911),
(20230225, 766, 3, 1, 3, 900, 1, 912),
(20230226, 135, 2, 4, 2, 50, 1, 913),
(20230227, 2, 2, 4, 2, 1000, 1, 914),
(20230227, 158, 3, 1, 2, 600, 1, 915),
(20230227, 185, 2, 4, 1, 25, 1, 916),
(20230227, 433, 1, 2, 4, 200, 1, 917),
(20230228, 152, 3, 5, 4, 2000, 1, 918),
(20230228, 753, 2, 4, 1, 30, 1, 919),
(20230228, 763, 2, 4, 2, 50, 1, 920),
(20230228, 932, 1, 2, 4, 100, 1, 921),
(20230301, 399, 1, 3, 2, 60, 1, 922),
(20230301, 500, 1, 3, 4, 100, 1, 923),
(20230301, 514, 3, 1, 1, 300, 1, 924),
(20230302, 947, 1, 2, 1, 300, 1, 925),
(20230303, 220, 1, 3, 1, 500, 1, 926),
(20230303, 339, 3, 1, 2, 50, 1, 927),
(20230303, 785, 1, 2, 4, 200, 1, 928),
(20230303, 885, 2, 4, 4, 120, 1, 929),
(20230303, 888, 3, 5, 4, 100, 1, 930),
(20230304, 621, 1, 3, 2, 1000, 1, 931),
(20230305, 52, 1, 2, 1, 300, 1, 932),
(20230305, 536, 1, 3, 4, 120, 1, 933),
(20230306, 197, 2, 4, 4, 200, 1, 934),
(20230306, 750, 2, 4, 3, 75, 1, 935),
(20230306, 910, 1, 2, 3, 150, 1, 936),
(20230306, 917, 3, 1, 4, 200, 1, 937),
(20230307, 198, 1, 2, 3, 900, 1, 938),
(20230307, 444, 2, 4, 3, 90, 1, 939),
(20230307, 547, 2, 4, 4, 2000, 1, 940),
(20230307, 705, 3, 1, 2, 50, 1, 941),
(20230308, 423, 2, 4, 1, 25, 1, 942),
(20230309, 248, 2, 4, 3, 900, 1, 943),
(20230309, 360, 2, 4, 4, 100, 1, 944),
(20230309, 377, 2, 4, 4, 200, 1, 945),
(20230310, 397, 1, 2, 1, 25, 1, 946),
(20230310, 623, 2, 4, 3, 150, 1, 947),
(20230311, 717, 2, 4, 1, 500, 1, 948),
(20230312, 130, 2, 4, 1, 500, 1, 949),
(20230312, 658, 2, 4, 1, 25, 1, 950),
(20230313, 7, 2, 4, 2, 50, 1, 951),
(20230313, 119, 2, 4, 3, 150, 1, 952),
(20230313, 278, 2, 4, 4, 100, 1, 953),
(20230315, 117, 3, 5, 2, 1000, 1, 954),
(20230317, 442, 2, 4, 4, 100, 1, 955),
(20230317, 590, 2, 4, 3, 900, 1, 956),
(20230317, 607, 2, 4, 3, 75, 1, 957),
(20230318, 436, 2, 4, 4, 120, 1, 958),
(20230318, 942, 2, 4, 3, 1500, 1, 959),
(20230319, 659, 3, 1, 1, 30, 1, 960),
(20230319, 941, 2, 4, 2, 50, 1, 961),
(20230320, 136, 3, 5, 2, 600, 1, 962),
(20230320, 175, 3, 5, 4, 100, 1, 963),
(20230320, 663, 2, 4, 4, 1200, 1, 964),
(20230320, 748, 2, 4, 3, 150, 1, 965),
(20230320, 806, 1, 3, 3, 900, 1, 966),
(20230321, 38, 1, 2, 4, 200, 1, 967),
(20230321, 313, 1, 3, 3, 1500, 1, 968),
(20230321, 402, 2, 4, 2, 600, 1, 969),
(20230321, 459, 2, 4, 4, 1200, 1, 970),
(20230322, 161, 1, 3, 2, 1000, 1, 971),
(20230322, 328, 1, 2, 2, 100, 1, 972),
(20230322, 383, 1, 2, 3, 90, 1, 973),
(20230322, 973, 2, 4, 1, 50, 1, 974),
(20230322, 978, 2, 4, 3, 150, 1, 975),
(20230323, 33, 3, 1, 2, 100, 1, 976),
(20230323, 138, 2, 4, 4, 200, 1, 977),
(20230323, 471, 2, 4, 3, 150, 1, 978),
(20230323, 636, 1, 3, 3, 1500, 1, 979),
(20230324, 177, 1, 2, 2, 100, 1, 980),
(20230324, 426, 3, 1, 3, 150, 1, 981),
(20230325, 76, 3, 1, 2, 100, 1, 982),
(20230325, 91, 3, 1, 1, 500, 1, 983),
(20230325, 461, 1, 2, 2, 1000, 1, 984),
(20230325, 764, 2, 4, 1, 25, 1, 985),
(20230326, 202, 2, 4, 4, 1200, 1, 986),
(20230326, 301, 2, 4, 4, 120, 1, 987),
(20230326, 703, 3, 5, 2, 100, 1, 988),
(20230327, 294, 2, 4, 3, 90, 1, 989),
(20230327, 760, 1, 3, 1, 500, 1, 990),
(20230328, 575, 2, 4, 2, 100, 1, 991),
(20230329, 88, 2, 4, 1, 500, 1, 992),
(20230330, 975, 2, 4, 4, 200, 1, 993),
(20230331, 553, 2, 4, 4, 1200, 1, 994),
(20230401, 462, 3, 5, 4, 1200, 1, 995),
(20230401, 614, 1, 3, 4, 1200, 1, 996),
(20230401, 808, 1, 3, 4, 2000, 1, 997),
(20230402, 166, 2, 4, 4, 2000, 1, 998),
(20230402, 465, 3, 1, 3, 150, 1, 999),
(20230402, 502, 3, 5, 3, 150, 1, 1000),
(20230402, 905, 1, 3, 1, 300, 1, 1001),
(20230404, 280, 2, 4, 3, 1500, 1, 1002),
(20230404, 719, 2, 4, 2, 60, 1, 1003),
(20230404, 834, 1, 3, 2, 60, 1, 1004),
(20230405, 891, 3, 5, 3, 900, 1, 1005),
(20230405, 928, 2, 4, 4, 1200, 1, 1006),
(20230406, 332, 3, 1, 4, 1200, 1, 1007),
(20230408, 255, 2, 4, 1, 30, 1, 1008),
(20230408, 275, 2, 4, 2, 1000, 1, 1009),
(20230408, 314, 2, 4, 4, 120, 1, 1010),
(20230408, 517, 2, 4, 4, 100, 1, 1011),
(20230408, 847, 3, 1, 4, 1200, 1, 1012),
(20230409, 61, 1, 3, 4, 200, 1, 1013),
(20230409, 274, 2, 4, 2, 1000, 1, 1014),
(20230409, 486, 3, 5, 1, 25, 1, 1015),
(20230409, 548, 2, 4, 2, 60, 1, 1016),
(20230409, 886, 3, 5, 3, 900, 1, 1017),
(20230409, 892, 3, 1, 1, 50, 1, 1018),
(20230410, 601, 2, 4, 1, 30, 1, 1019),
(20230410, 901, 3, 5, 1, 30, 1, 1020),
(20230411, 527, 2, 4, 2, 50, 1, 1021),
(20230412, 23, 2, 4, 4, 120, 1, 1022),
(20230412, 174, 1, 2, 1, 300, 1, 1023),
(20230412, 589, 1, 2, 2, 1000, 1, 1024),
(20230412, 774, 2, 4, 2, 50, 1, 1025),
(20230412, 1000, 3, 5, 4, 120, 1, 1026),
(20230413, 210, 3, 5, 4, 200, 1, 1027),
(20230413, 478, 2, 4, 2, 60, 1, 1028),
(20230413, 745, 1, 2, 2, 100, 1, 1029),
(20230415, 354, 1, 2, 4, 200, 1, 1030),
(20230415, 408, 1, 2, 1, 500, 1, 1031),
(20230416, 674, 2, 4, 1, 300, 1, 1032),
(20230417, 967, 1, 3, 1, 25, 1, 1033),
(20230418, 79, 1, 3, 1, 300, 1, 1034),
(20230418, 406, 1, 3, 4, 100, 1, 1035),
(20230418, 450, 1, 2, 2, 50, 1, 1036),
(20230418, 562, 3, 1, 2, 50, 1, 1037),
(20230419, 108, 1, 3, 3, 75, 1, 1038),
(20230419, 111, 3, 1, 3, 1500, 1, 1039),
(20230419, 207, 1, 2, 2, 50, 1, 1040),
(20230419, 724, 2, 4, 3, 150, 1, 1041),
(20230419, 836, 2, 4, 1, 50, 1, 1042),
(20230419, 969, 2, 4, 3, 900, 1, 1043),
(20230420, 246, 3, 5, 2, 50, 1, 1044),
(20230420, 298, 1, 2, 4, 1200, 1, 1045),
(20230420, 374, 1, 2, 3, 75, 1, 1046),
(20230420, 572, 2, 4, 4, 2000, 1, 1047),
(20230420, 665, 2, 4, 1, 50, 1, 1048),
(20230421, 39, 2, 4, 4, 120, 1, 1049),
(20230421, 893, 3, 5, 1, 50, 1, 1050),
(20230422, 17, 2, 4, 4, 100, 1, 1051),
(20230422, 316, 2, 4, 2, 50, 1, 1052),
(20230422, 755, 2, 4, 3, 75, 1, 1053),
(20230423, 28, 1, 2, 1, 500, 1, 1054),
(20230423, 98, 1, 3, 2, 100, 1, 1055),
(20230423, 129, 1, 2, 2, 600, 1, 1056),
(20230423, 230, 1, 2, 1, 25, 1, 1057),
(20230423, 613, 2, 4, 3, 90, 1, 1058),
(20230423, 691, 2, 4, 3, 90, 1, 1059),
(20230423, 693, 1, 3, 3, 1500, 1, 1060),
(20230424, 477, 2, 4, 4, 120, 1, 1061),
(20230424, 863, 3, 5, 2, 50, 1, 1062),
(20230425, 6, 1, 2, 1, 30, 1, 1063),
(20230425, 483, 2, 4, 1, 30, 1, 1064),
(20230425, 738, 2, 4, 2, 100, 1, 1065),
(20230426, 222, 2, 4, 4, 120, 1, 1066),
(20230426, 588, 3, 5, 2, 60, 1, 1067),
(20230426, 953, 1, 2, 3, 90, 1, 1068),
(20230427, 66, 3, 1, 1, 30, 1, 1069),
(20230427, 482, 2, 4, 4, 1200, 1, 1070),
(20230427, 903, 1, 2, 4, 200, 1, 1071),
(20230428, 102, 1, 2, 2, 50, 1, 1072),
(20230428, 228, 3, 1, 2, 60, 1, 1073),
(20230428, 236, 2, 4, 1, 25, 1, 1074),
(20230429, 660, 1, 2, 2, 1000, 1, 1075),
(20230429, 884, 2, 4, 2, 60, 1, 1076),
(20230429, 987, 2, 4, 3, 900, 1, 1077),
(20230430, 18, 3, 1, 2, 50, 1, 1078),
(20230430, 69, 1, 3, 3, 75, 1, 1079),
(20230430, 995, 2, 4, 1, 30, 1, 1080),
(20230501, 337, 2, 4, 1, 500, 1, 1081),
(20230501, 585, 2, 4, 1, 25, 1, 1082),
(20230501, 652, 1, 3, 2, 100, 1, 1083),
(20230502, 242, 2, 4, 1, 25, 1, 1084),
(20230502, 293, 3, 5, 3, 90, 1, 1085),
(20230502, 460, 1, 2, 1, 50, 1, 1086),
(20230503, 188, 2, 4, 3, 75, 1, 1087),
(20230503, 357, 3, 5, 3, 75, 1, 1088),
(20230503, 646, 2, 4, 3, 90, 1, 1089),
(20230503, 749, 1, 2, 1, 30, 1, 1090),
(20230503, 974, 1, 3, 1, 30, 1, 1091),
(20230504, 190, 1, 3, 3, 90, 1, 1092),
(20230504, 849, 2, 4, 2, 50, 1, 1093),
(20230504, 853, 1, 2, 2, 1000, 1, 1094),
(20230505, 252, 3, 1, 1, 300, 1, 1095),
(20230505, 606, 3, 5, 1, 50, 1, 1096),
(20230505, 779, 3, 1, 2, 1000, 1, 1097),
(20230505, 824, 2, 4, 4, 120, 1, 1098),
(20230505, 866, 3, 1, 1, 50, 1, 1099),
(20230506, 5, 1, 3, 2, 100, 1, 1100),
(20230506, 90, 3, 5, 1, 30, 1, 1101),
(20230506, 380, 3, 5, 2, 600, 1, 1102),
(20230506, 593, 3, 5, 2, 60, 1, 1103),
(20230506, 820, 3, 5, 4, 200, 1, 1104),
(20230507, 120, 1, 3, 1, 50, 1, 1105),
(20230507, 221, 1, 2, 2, 600, 1, 1106),
(20230507, 341, 2, 4, 4, 200, 1, 1107),
(20230507, 640, 3, 1, 4, 120, 1, 1108),
(20230507, 744, 3, 1, 1, 25, 1, 1109),
(20230508, 273, 1, 2, 1, 50, 1, 1110),
(20230508, 283, 3, 1, 1, 500, 1, 1111),
(20230508, 452, 2, 4, 3, 1500, 1, 1112),
(20230508, 469, 1, 3, 3, 75, 1, 1113),
(20230508, 620, 3, 5, 3, 75, 1, 1114),
(20230508, 946, 3, 5, 4, 2000, 1, 1115),
(20230509, 148, 2, 4, 2, 60, 1, 1116),
(20230509, 414, 1, 3, 4, 100, 1, 1117),
(20230509, 883, 3, 1, 1, 500, 1, 1118),
(20230510, 731, 2, 4, 4, 2000, 1, 1119),
(20230510, 930, 2, 4, 4, 200, 1, 1120),
(20230511, 518, 2, 4, 1, 30, 1, 1121),
(20230512, 758, 2, 4, 4, 100, 1, 1122),
(20230513, 639, 1, 2, 4, 200, 1, 1123),
(20230513, 838, 3, 1, 2, 600, 1, 1124),
(20230514, 353, 3, 1, 1, 500, 1, 1125),
(20230514, 501, 3, 1, 2, 60, 1, 1126),
(20230514, 721, 2, 4, 1, 500, 1, 1127),
(20230515, 123, 3, 5, 2, 60, 1, 1128),
(20230515, 164, 1, 2, 3, 1500, 1, 1129),
(20230515, 425, 3, 5, 4, 120, 1, 1130),
(20230516, 48, 3, 1, 3, 900, 1, 1131),
(20230516, 118, 3, 1, 4, 2000, 1, 1132),
(20230516, 203, 2, 4, 2, 1000, 1, 1133),
(20230516, 305, 1, 3, 1, 30, 1, 1134),
(20230516, 358, 1, 3, 1, 300, 1, 1135),
(20230516, 376, 1, 3, 1, 30, 1, 1136),
(20230516, 398, 2, 4, 2, 600, 1, 1137),
(20230516, 411, 3, 5, 4, 200, 1, 1138),
(20230516, 504, 1, 3, 3, 150, 1, 1139),
(20230516, 970, 3, 1, 4, 2000, 1, 1140),
(20230516, 996, 2, 4, 1, 50, 1, 1141),
(20230517, 81, 3, 1, 1, 50, 1, 1142),
(20230517, 155, 3, 1, 4, 2000, 1, 1143),
(20230517, 470, 2, 4, 2, 1000, 1, 1144),
(20230518, 106, 2, 4, 1, 50, 1, 1145),
(20230518, 818, 3, 1, 1, 500, 1, 1146),
(20230519, 94, 1, 3, 2, 1000, 1, 1147),
(20230519, 811, 1, 2, 2, 50, 1, 1148),
(20230519, 881, 3, 1, 1, 300, 1, 1149),
(20230520, 403, 2, 4, 2, 600, 1, 1150),
(20230520, 653, 2, 4, 3, 75, 1, 1151),
(20230520, 694, 3, 1, 2, 50, 1, 1152),
(20230521, 4, 2, 4, 1, 500, 1, 1153),
(20230521, 647, 2, 4, 3, 1500, 1, 1154),
(20230521, 911, 3, 5, 3, 900, 1, 1155),
(20230522, 419, 2, 4, 3, 90, 1, 1156),
(20230522, 642, 2, 4, 4, 100, 1, 1157),
(20230522, 843, 1, 2, 3, 1500, 1, 1158),
(20230522, 895, 2, 4, 4, 120, 1, 1159),
(20230523, 31, 3, 1, 4, 1200, 1, 1160),
(20230523, 37, 1, 2, 3, 75, 1, 1161),
(20230523, 72, 3, 5, 4, 2000, 1, 1162),
(20230523, 243, 3, 5, 3, 900, 1, 1163),
(20230523, 281, 1, 3, 4, 2000, 1, 1164),
(20230523, 489, 3, 5, 1, 30, 1, 1165),
(20230523, 491, 3, 5, 3, 900, 1, 1166),
(20230523, 729, 2, 4, 4, 1200, 1, 1167),
(20230523, 822, 1, 3, 3, 150, 1, 1168),
(20230524, 840, 2, 4, 2, 50, 1, 1169),
(20230525, 404, 3, 5, 2, 1000, 1, 1170),
(20230525, 899, 2, 4, 2, 600, 1, 1171),
(20230525, 990, 1, 3, 2, 1000, 1, 1172),
(20230526, 382, 2, 4, 2, 1000, 1, 1173),
(20230526, 578, 2, 4, 4, 120, 1, 1174),
(20230526, 923, 1, 3, 3, 900, 1, 1175),
(20230527, 307, 3, 1, 2, 50, 1, 1176),
(20230527, 561, 2, 4, 4, 2000, 1, 1177),
(20230527, 651, 2, 4, 3, 150, 1, 1178),
(20230528, 988, 2, 4, 3, 75, 1, 1179),
(20230529, 67, 1, 2, 4, 1200, 1, 1180),
(20230530, 915, 1, 2, 3, 90, 1, 1181),
(20230530, 985, 3, 1, 2, 50, 1, 1182),
(20230531, 56, 2, 4, 3, 900, 1, 1183),
(20230531, 159, 2, 4, 4, 200, 1, 1184),
(20230531, 862, 3, 1, 4, 1200, 1, 1185),
(20230601, 315, 2, 4, 2, 60, 1, 1186),
(20230601, 545, 2, 4, 2, 50, 1, 1187),
(20230601, 902, 1, 3, 1, 50, 1, 1188),
(20230602, 170, 2, 4, 2, 50, 1, 1189),
(20230602, 685, 3, 1, 2, 50, 1, 1190),
(20230602, 958, 3, 1, 2, 50, 1, 1191),
(20230603, 363, 1, 2, 1, 25, 1, 1192),
(20230603, 394, 2, 4, 1, 500, 1, 1193),
(20230603, 537, 1, 2, 1, 500, 1, 1194),
(20230604, 387, 1, 3, 1, 30, 1, 1195),
(20230604, 556, 3, 1, 1, 50, 1, 1196),
(20230604, 782, 2, 4, 3, 900, 1, 1197),
(20230604, 906, 2, 4, 1, 50, 1, 1198),
(20230605, 560, 3, 1, 1, 50, 1, 1199),
(20230605, 944, 2, 4, 2, 50, 1, 1200),
(20230606, 481, 3, 1, 4, 1200, 1, 1201),
(20230606, 867, 3, 1, 1, 500, 1, 1202),
(20230606, 882, 3, 5, 2, 50, 1, 1203),
(20230606, 961, 1, 3, 4, 200, 1, 1204),
(20230607, 187, 2, 4, 2, 100, 1, 1205),
(20230607, 446, 3, 1, 1, 50, 1, 1206),
(20230608, 539, 1, 3, 1, 500, 1, 1207),
(20230608, 587, 1, 2, 4, 1200, 1, 1208),
(20230609, 212, 2, 4, 3, 1500, 1, 1209),
(20230609, 765, 2, 4, 4, 200, 1, 1210),
(20230609, 769, 3, 5, 4, 120, 1, 1211),
(20230610, 321, 3, 1, 2, 50, 1, 1212),
(20230610, 356, 3, 5, 3, 1500, 1, 1213),
(20230610, 510, 1, 3, 4, 200, 1, 1214),
(20230610, 534, 2, 4, 2, 1000, 1, 1215),
(20230611, 104, 1, 3, 2, 1000, 1, 1216),
(20230611, 110, 2, 4, 3, 900, 1, 1217),
(20230611, 352, 3, 1, 2, 1000, 1, 1218),
(20230611, 365, 2, 4, 1, 300, 1, 1219),
(20230611, 887, 2, 4, 4, 100, 1, 1220),
(20230612, 629, 3, 5, 2, 50, 1, 1221),
(20230613, 655, 2, 4, 1, 500, 1, 1222),
(20230614, 567, 2, 4, 3, 900, 1, 1223),
(20230615, 182, 1, 3, 4, 120, 1, 1224),
(20230615, 819, 1, 2, 2, 100, 1, 1225),
(20230616, 100, 3, 1, 1, 30, 1, 1226),
(20230616, 833, 1, 3, 4, 200, 1, 1227),
(20230617, 542, 1, 2, 1, 50, 1, 1228),
(20230617, 723, 1, 3, 4, 200, 1, 1229),
(20230617, 726, 2, 4, 4, 1200, 1, 1230),
(20230618, 488, 3, 1, 3, 900, 1, 1231),
(20230619, 239, 3, 1, 3, 1500, 1, 1232),
(20230619, 498, 2, 4, 4, 100, 1, 1233),
(20230619, 532, 2, 4, 4, 120, 1, 1234),
(20230619, 669, 1, 2, 4, 1200, 1, 1235),
(20230619, 877, 2, 4, 1, 25, 1, 1236),
(20230620, 422, 2, 4, 3, 90, 1, 1237),
(20230620, 466, 3, 5, 4, 100, 1, 1238),
(20230621, 583, 3, 1, 4, 100, 1, 1239),
(20230621, 654, 2, 4, 3, 75, 1, 1240),
(20230622, 40, 1, 2, 1, 50, 1, 1241),
(20230622, 699, 2, 4, 4, 120, 1, 1242),
(20230622, 727, 1, 3, 3, 900, 1, 1243),
(20230622, 830, 2, 4, 3, 150, 1, 1244),
(20230623, 224, 2, 4, 1, 50, 1, 1245),
(20230623, 271, 1, 2, 4, 120, 1, 1246),
(20230624, 36, 1, 3, 3, 900, 1, 1247),
(20230624, 157, 3, 1, 4, 2000, 1, 1248),
(20230624, 796, 1, 3, 4, 120, 1, 1249),
(20230624, 839, 3, 1, 4, 1200, 1, 1250),
(20230624, 927, 3, 5, 4, 2000, 1, 1251),
(20230625, 407, 3, 1, 3, 900, 1, 1252),
(20230626, 46, 3, 1, 4, 1200, 1, 1253),
(20230626, 509, 3, 1, 3, 900, 1, 1254),
(20230626, 874, 1, 3, 1, 30, 1, 1255),
(20230627, 788, 1, 2, 3, 900, 1, 1256),
(20230628, 378, 1, 2, 1, 300, 1, 1257),
(20230629, 480, 1, 2, 4, 2000, 1, 1258),
(20230629, 492, 1, 2, 4, 100, 1, 1259),
(20230629, 737, 2, 4, 1, 50, 1, 1260),
(20230630, 684, 2, 4, 2, 1000, 1, 1261),
(20230630, 878, 2, 4, 1, 30, 1, 1262),
(20230701, 78, 2, 4, 3, 1500, 1, 1263),
(20230701, 260, 1, 3, 2, 60, 1, 1264),
(20230701, 455, 3, 1, 4, 100, 1, 1265),
(20230701, 837, 1, 2, 3, 90, 1, 1266),
(20230703, 45, 3, 5, 1, 30, 1, 1267),
(20230703, 449, 3, 1, 4, 200, 1, 1268),
(20230704, 904, 2, 4, 1, 500, 1, 1269),
(20230705, 59, 2, 4, 1, 50, 1, 1270),
(20230705, 128, 1, 2, 1, 500, 1, 1271),
(20230705, 186, 2, 4, 4, 200, 1, 1272),
(20230705, 802, 1, 2, 1, 30, 1, 1273),
(20230706, 75, 1, 3, 4, 200, 1, 1274),
(20230706, 447, 1, 3, 4, 2000, 1, 1275),
(20230706, 528, 2, 4, 2, 60, 1, 1276),
(20230708, 759, 3, 1, 2, 100, 1, 1277),
(20230708, 870, 3, 1, 4, 120, 1, 1278),
(20230709, 77, 2, 4, 2, 100, 1, 1279),
(20230709, 381, 2, 4, 4, 100, 1, 1280),
(20230709, 439, 2, 4, 3, 75, 1, 1281),
(20230709, 792, 1, 3, 1, 50, 1, 1282),
(20230711, 176, 1, 3, 2, 100, 1, 1283),
(20230711, 216, 3, 1, 2, 100, 1, 1284),
(20230712, 772, 3, 1, 1, 30, 1, 1285),
(20230713, 53, 3, 5, 2, 100, 1, 1286),
(20230714, 43, 2, 4, 1, 300, 1, 1287),
(20230714, 71, 1, 2, 4, 100, 1, 1288),
(20230714, 93, 1, 3, 4, 2000, 1, 1289),
(20230714, 302, 1, 3, 2, 600, 1, 1290),
(20230714, 551, 3, 1, 3, 900, 1, 1291),
(20230714, 681, 3, 5, 2, 60, 1, 1292),
(20230714, 722, 1, 3, 3, 900, 1, 1293),
(20230714, 728, 3, 5, 3, 150, 1, 1294),
(20230714, 829, 1, 2, 3, 90, 1, 1295),
(20230714, 955, 2, 4, 1, 25, 1, 1296),
(20230715, 144, 1, 3, 3, 1500, 1, 1297),
(20230715, 474, 2, 4, 3, 1500, 1, 1298),
(20230716, 603, 2, 4, 3, 90, 1, 1299),
(20230716, 661, 2, 4, 4, 100, 1, 1300),
(20230717, 143, 2, 4, 1, 50, 1, 1301),
(20230717, 515, 2, 4, 3, 900, 1, 1302),
(20230719, 304, 3, 1, 2, 60, 1, 1303),
(20230719, 676, 3, 5, 3, 1500, 1, 1304),
(20230719, 686, 3, 1, 4, 200, 1, 1305),
(20230719, 698, 3, 1, 1, 300, 1, 1306),
(20230721, 709, 3, 5, 2, 1000, 1, 1307),
(20230722, 114, 1, 3, 4, 100, 1, 1308),
(20230722, 359, 2, 4, 1, 50, 1, 1309),
(20230723, 773, 3, 5, 4, 2000, 1, 1310),
(20230724, 127, 2, 4, 2, 50, 1, 1311),
(20230724, 213, 1, 3, 3, 1500, 1, 1312),
(20230724, 487, 2, 4, 4, 2000, 1, 1313),
(20230724, 495, 1, 3, 2, 60, 1, 1314),
(20230724, 605, 3, 1, 2, 1000, 1, 1315),
(20230725, 105, 3, 1, 1, 500, 1, 1316),
(20230725, 299, 3, 5, 2, 1000, 1, 1317),
(20230725, 934, 1, 2, 1, 500, 1, 1318),
(20230726, 270, 3, 1, 1, 300, 1, 1319),
(20230726, 338, 1, 3, 2, 100, 1, 1320),
(20230726, 543, 1, 3, 2, 600, 1, 1321),
(20230727, 557, 1, 3, 3, 90, 1, 1322),
(20230727, 702, 2, 4, 2, 600, 1, 1323),
(20230727, 864, 3, 1, 1, 500, 1, 1324),
(20230728, 254, 3, 1, 1, 500, 1, 1325),
(20230728, 295, 1, 2, 3, 900, 1, 1326),
(20230728, 457, 1, 2, 3, 900, 1, 1327),
(20230728, 668, 3, 1, 3, 150, 1, 1328),
(20230728, 850, 1, 3, 2, 1000, 1, 1329),
(20230729, 541, 1, 2, 1, 500, 1, 1330),
(20230729, 980, 3, 1, 3, 75, 1, 1331),
(20230730, 262, 1, 2, 4, 120, 1, 1332),
(20230730, 467, 3, 1, 3, 150, 1, 1333),
(20230731, 463, 1, 3, 3, 1500, 1, 1334),
(20230801, 598, 1, 2, 4, 120, 1, 1335),
(20230801, 667, 3, 1, 1, 500, 1, 1336),
(20230801, 672, 1, 3, 2, 100, 1, 1337),
(20230802, 949, 3, 1, 2, 50, 1, 1338),
(20230803, 27, 1, 2, 2, 50, 1, 1339),
(20230803, 347, 3, 5, 1, 25, 1, 1340),
(20230803, 687, 3, 5, 1, 300, 1, 1341),
(20230804, 549, 1, 3, 2, 100, 1, 1342),
(20230804, 675, 2, 4, 2, 60, 1, 1343),
(20230804, 730, 2, 4, 2, 50, 1, 1344),
(20230804, 798, 2, 4, 1, 50, 1, 1345),
(20230805, 13, 3, 1, 3, 1500, 1, 1346),
(20230805, 35, 1, 3, 3, 900, 1, 1347),
(20230805, 140, 3, 1, 1, 30, 1, 1348),
(20230805, 206, 2, 4, 1, 25, 1, 1349),
(20230805, 261, 2, 4, 2, 50, 1, 1350),
(20230805, 279, 2, 4, 1, 500, 1, 1351),
(20230805, 308, 1, 3, 4, 1200, 1, 1352),
(20230805, 418, 3, 1, 2, 1000, 1, 1353),
(20230806, 612, 3, 5, 1, 500, 1, 1354),
(20230806, 875, 3, 5, 4, 2000, 1, 1355),
(20230807, 430, 3, 1, 3, 900, 1, 1356),
(20230807, 633, 1, 3, 4, 120, 1, 1357),
(20230808, 125, 2, 4, 2, 100, 1, 1358),
(20230808, 716, 2, 4, 4, 1200, 1, 1359),
(20230808, 790, 2, 4, 1, 25, 1, 1360),
(20230808, 960, 2, 4, 2, 60, 1, 1361),
(20230809, 259, 2, 4, 4, 200, 1, 1362),
(20230809, 443, 2, 4, 2, 600, 1, 1363),
(20230809, 529, 2, 4, 3, 150, 1, 1364),
(20230809, 563, 2, 4, 2, 60, 1, 1365),
(20230810, 801, 2, 4, 4, 200, 1, 1366),
(20230811, 160, 2, 4, 2, 100, 1, 1367),
(20230811, 508, 1, 3, 2, 600, 1, 1368),
(20230811, 807, 3, 1, 4, 200, 1, 1369),
(20230812, 511, 1, 2, 2, 100, 1, 1370),
(20230812, 521, 2, 4, 4, 120, 1, 1371),
(20230812, 695, 3, 1, 3, 150, 1, 1372),
(20230812, 816, 1, 2, 2, 1000, 1, 1373),
(20230813, 217, 3, 5, 4, 200, 1, 1374),
(20230813, 384, 2, 4, 1, 500, 1, 1375),
(20230814, 648, 1, 3, 4, 1200, 1, 1376),
(20230814, 926, 3, 5, 1, 30, 1, 1377),
(20230815, 285, 3, 5, 1, 25, 1, 1378),
(20230815, 427, 3, 1, 1, 25, 1, 1379),
(20230815, 569, 3, 5, 4, 200, 1, 1380),
(20230815, 570, 2, 4, 1, 500, 1, 1381),
(20230815, 630, 2, 4, 2, 100, 1, 1382),
(20230815, 957, 3, 1, 4, 120, 1, 1383),
(20230817, 635, 3, 5, 3, 900, 1, 1384),
(20230818, 29, 3, 1, 1, 30, 1, 1385),
(20230818, 277, 2, 4, 4, 100, 1, 1386),
(20230818, 859, 3, 1, 3, 1500, 1, 1387),
(20230819, 638, 3, 5, 1, 500, 1, 1388),
(20230819, 823, 3, 5, 2, 100, 1, 1389),
(20230819, 956, 2, 4, 3, 1500, 1, 1390),
(20230819, 981, 3, 1, 2, 60, 1, 1391),
(20230820, 219, 3, 5, 3, 90, 1, 1392),
(20230821, 73, 3, 1, 3, 90, 1, 1393),
(20230821, 162, 2, 4, 2, 60, 1, 1394),
(20230821, 306, 3, 5, 1, 50, 1, 1395),
(20230821, 725, 3, 1, 1, 300, 1, 1396),
(20230821, 880, 1, 2, 2, 1000, 1, 1397),
(20230821, 992, 3, 5, 2, 60, 1, 1398),
(20230822, 597, 1, 2, 4, 1200, 1, 1399),
(20230822, 622, 1, 3, 3, 75, 1, 1400),
(20230823, 116, 2, 4, 1, 30, 1, 1401),
(20230823, 364, 1, 2, 1, 500, 1, 1402),
(20230823, 368, 2, 4, 4, 1200, 1, 1403),
(20230824, 50, 1, 3, 3, 75, 1, 1404),
(20230824, 479, 3, 5, 4, 1200, 1, 1405),
(20230824, 804, 3, 5, 1, 30, 1, 1406),
(20230825, 92, 3, 1, 4, 120, 1, 1407),
(20230825, 282, 3, 1, 4, 200, 1, 1408),
(20230825, 718, 1, 3, 3, 75, 1, 1409),
(20230826, 617, 3, 5, 1, 30, 1, 1410),
(20230826, 624, 1, 2, 3, 900, 1, 1411),
(20230826, 825, 1, 3, 1, 25, 1, 1412),
(20230827, 568, 3, 5, 1, 300, 1, 1413),
(20230827, 671, 3, 1, 3, 150, 1, 1414),
(20230827, 756, 3, 1, 4, 1200, 1, 1415),
(20230827, 815, 2, 4, 3, 75, 1, 1416),
(20230828, 146, 2, 4, 4, 200, 1, 1417),
(20230828, 263, 1, 3, 2, 60, 1, 1418),
(20230828, 704, 2, 4, 3, 90, 1, 1419),
(20230829, 476, 2, 4, 4, 2000, 1, 1420),
(20230829, 733, 1, 2, 1, 30, 1, 1421),
(20230829, 924, 1, 3, 2, 100, 1, 1422),
(20230829, 984, 2, 4, 1, 500, 1, 1423),
(20230831, 251, 1, 3, 4, 200, 1, 1424),
(20230831, 253, 2, 4, 4, 2000, 1, 1425),
(20230831, 574, 3, 5, 2, 50, 1, 1426),
(20230831, 751, 2, 4, 2, 50, 1, 1427),
(20230831, 871, 1, 3, 2, 60, 1, 1428),
(20230901, 200, 1, 2, 3, 150, 1, 1429),
(20230901, 594, 3, 5, 2, 600, 1, 1430),
(20230901, 637, 2, 4, 2, 600, 1, 1431),
(20230901, 855, 1, 2, 1, 25, 1, 1432),
(20230902, 325, 3, 5, 2, 50, 1, 1433),
(20230902, 682, 1, 2, 4, 1200, 1, 1434),
(20230902, 931, 1, 2, 4, 120, 1, 1435),
(20230903, 925, 3, 5, 1, 300, 1, 1436),
(20230904, 297, 3, 1, 2, 1000, 1, 1437),
(20230905, 814, 2, 4, 1, 500, 1, 1438),
(20230905, 894, 3, 5, 1, 30, 1, 1439),
(20230906, 194, 2, 4, 4, 200, 1, 1440),
(20230906, 245, 2, 4, 3, 90, 1, 1441),
(20230906, 296, 2, 4, 4, 1200, 1, 1442),
(20230906, 644, 1, 3, 3, 75, 1, 1443),
(20230906, 696, 2, 4, 4, 200, 1, 1444),
(20230907, 312, 2, 4, 4, 120, 1, 1445),
(20230907, 692, 2, 4, 2, 100, 1, 1446),
(20230907, 835, 2, 4, 4, 200, 1, 1447),
(20230908, 183, 1, 2, 3, 900, 1, 1448),
(20230908, 413, 1, 2, 3, 75, 1, 1449),
(20230908, 799, 3, 1, 2, 100, 1, 1450),
(20230908, 851, 3, 5, 2, 50, 1, 1451),
(20230909, 858, 3, 5, 2, 100, 1, 1452),
(20230909, 919, 1, 3, 2, 50, 1, 1453),
(20230909, 935, 1, 2, 1, 50, 1, 1454),
(20230910, 132, 3, 1, 4, 200, 1, 1455),
(20230911, 604, 3, 5, 4, 200, 1, 1456),
(20230911, 832, 1, 2, 4, 2000, 1, 1457),
(20230913, 113, 3, 5, 2, 50, 1, 1458),
(20230914, 165, 2, 4, 4, 1200, 1, 1459),
(20230915, 326, 2, 4, 3, 75, 1, 1460),
(20230916, 19, 2, 4, 2, 50, 1, 1461),
(20230916, 412, 3, 5, 4, 2000, 1, 1462),
(20230916, 632, 3, 1, 4, 100, 1, 1463),
(20230917, 167, 2, 4, 3, 150, 1, 1464),
(20230917, 172, 1, 2, 2, 50, 1, 1465),
(20230917, 375, 2, 4, 1, 50, 1, 1466),
(20230917, 538, 2, 4, 3, 150, 1, 1467),
(20230917, 794, 1, 3, 1, 300, 1, 1468),
(20230918, 131, 1, 3, 2, 600, 1, 1469),
(20230918, 330, 1, 3, 4, 200, 1, 1470),
(20230918, 494, 1, 3, 4, 200, 1, 1471),
(20230919, 513, 3, 5, 4, 100, 1, 1472),
(20230919, 573, 1, 2, 2, 60, 1, 1473),
(20230921, 241, 3, 5, 3, 75, 1, 1474),
(20230921, 579, 3, 1, 1, 30, 1, 1475),
(20230922, 218, 1, 3, 3, 90, 1, 1476),
(20230922, 846, 1, 2, 1, 50, 1, 1477),
(20230923, 616, 2, 4, 2, 100, 1, 1478),
(20230924, 523, 3, 5, 1, 300, 1, 1479),
(20230924, 643, 3, 1, 3, 90, 1, 1480),
(20230925, 351, 2, 4, 3, 90, 1, 1481),
(20230925, 809, 1, 2, 2, 100, 1, 1482),
(20230925, 954, 3, 1, 3, 900, 1, 1483),
(20230926, 897, 3, 5, 2, 100, 1, 1484),
(20230928, 147, 3, 1, 1, 300, 1, 1485),
(20230928, 204, 1, 3, 1, 25, 1, 1486),
(20230928, 390, 3, 5, 2, 100, 1, 1487),
(20230929, 179, 3, 1, 1, 300, 1, 1488),
(20230929, 327, 3, 1, 3, 150, 1, 1489),
(20230929, 626, 2, 4, 4, 2000, 1, 1490),
(20230929, 873, 3, 1, 4, 100, 1, 1491),
(20230930, 196, 2, 4, 3, 900, 1, 1492),
(20230930, 789, 2, 4, 4, 2000, 1, 1493),
(20231001, 89, 3, 1, 4, 2000, 1, 1494),
(20231001, 707, 2, 4, 1, 500, 1, 1495),
(20231001, 909, 3, 5, 1, 300, 1, 1496),
(20231002, 51, 1, 2, 3, 75, 1, 1497),
(20231002, 154, 3, 1, 3, 900, 1, 1498),
(20231002, 276, 1, 2, 4, 100, 1, 1499),
(20231002, 497, 2, 4, 4, 120, 1, 1500),
(20231002, 889, 3, 1, 1, 50, 1, 1501),
(20231003, 122, 3, 5, 4, 120, 1, 1502),
(20231003, 373, 1, 3, 2, 600, 1, 1503),
(20231003, 524, 1, 3, 4, 1200, 1, 1504),
(20231003, 688, 2, 4, 4, 100, 1, 1505),
(20231003, 813, 3, 5, 3, 150, 1, 1506),
(20231004, 178, 2, 4, 2, 60, 1, 1507),
(20231004, 208, 3, 1, 4, 200, 1, 1508),
(20231004, 247, 3, 1, 2, 60, 1, 1509),
(20231004, 290, 1, 3, 2, 600, 1, 1510),
(20231004, 656, 1, 3, 3, 90, 1, 1511),
(20231004, 735, 2, 4, 4, 2000, 1, 1512),
(20231005, 319, 2, 4, 1, 500, 1, 1513),
(20231005, 670, 1, 3, 1, 30, 1, 1514),
(20231006, 385, 3, 5, 3, 1500, 1, 1515),
(20231007, 10, 2, 4, 4, 200, 1, 1516),
(20231007, 26, 3, 1, 2, 1000, 1, 1517),
(20231007, 437, 3, 5, 4, 1200, 1, 1518),
(20231007, 689, 3, 1, 2, 100, 1, 1519),
(20231008, 558, 2, 4, 1, 25, 1, 1520),
(20231008, 634, 3, 5, 4, 2000, 1, 1521),
(20231009, 201, 3, 5, 1, 25, 1, 1522),
(20231009, 286, 3, 1, 2, 50, 1, 1523),
(20231009, 876, 2, 4, 4, 120, 1, 1524),
(20231010, 55, 1, 2, 4, 120, 1, 1525),
(20231010, 428, 3, 5, 4, 200, 1, 1526),
(20231010, 441, 1, 3, 4, 1200, 1, 1527),
(20231010, 976, 1, 2, 2, 600, 1, 1528),
(20231011, 149, 2, 4, 3, 75, 1, 1529),
(20231011, 227, 3, 5, 2, 100, 1, 1530),
(20231011, 393, 1, 3, 2, 1000, 1, 1531),
(20231011, 401, 2, 4, 1, 300, 1, 1532),
(20231011, 546, 3, 1, 4, 200, 1, 1533),
(20231011, 872, 1, 2, 3, 75, 1, 1534),
(20231011, 914, 3, 1, 1, 500, 1, 1535),
(20231012, 310, 1, 3, 1, 25, 1, 1536),
(20231012, 844, 2, 4, 3, 150, 1, 1537),
(20231012, 852, 2, 4, 1, 300, 1, 1538),
(20231013, 97, 1, 3, 2, 1000, 1, 1539),
(20231013, 619, 3, 5, 4, 100, 1, 1540),
(20231013, 948, 3, 1, 3, 75, 1, 1541),
(20231014, 456, 3, 5, 2, 60, 1, 1542),
(20231014, 627, 2, 4, 1, 50, 1, 1543),
(20231015, 22, 2, 4, 2, 100, 1, 1544),
(20231015, 121, 3, 1, 4, 200, 1, 1545),
(20231015, 431, 3, 5, 4, 1200, 1, 1546),
(20231016, 370, 3, 1, 2, 60, 1, 1547),
(20231016, 711, 3, 5, 3, 1500, 1, 1548),
(20231016, 754, 3, 1, 4, 100, 1, 1549),
(20231016, 943, 2, 4, 4, 1200, 1, 1550),
(20231017, 350, 1, 2, 3, 75, 1, 1551),
(20231017, 786, 2, 4, 4, 100, 1, 1552),
(20231018, 109, 3, 5, 4, 2000, 1, 1553),
(20231018, 191, 1, 2, 1, 25, 1, 1554),
(20231019, 340, 2, 4, 4, 1200, 1, 1555),
(20231019, 555, 1, 2, 1, 300, 1, 1556),
(20231019, 826, 2, 4, 1, 300, 1, 1557),
(20231019, 962, 2, 4, 2, 60, 1, 1558),
(20231020, 249, 2, 4, 1, 50, 1, 1559),
(20231021, 922, 3, 5, 1, 50, 1, 1560),
(20231022, 600, 1, 3, 2, 1000, 1, 1561),
(20231022, 680, 2, 4, 3, 900, 1, 1562),
(20231022, 770, 2, 4, 1, 50, 1, 1563),
(20231023, 60, 1, 2, 3, 150, 1, 1564),
(20231023, 250, 3, 1, 1, 50, 1, 1565),
(20231023, 516, 1, 2, 4, 100, 1, 1566),
(20231023, 937, 1, 2, 1, 500, 1, 1567),
(20231024, 318, 2, 4, 1, 25, 1, 1568),
(20231024, 342, 2, 4, 4, 2000, 1, 1569),
(20231024, 564, 3, 5, 2, 100, 1, 1570),
(20231024, 767, 1, 2, 3, 75, 1, 1571),
(20231025, 503, 1, 3, 4, 2000, 1, 1572),
(20231025, 869, 1, 3, 3, 1500, 1, 1573),
(20231026, 126, 2, 4, 3, 90, 1, 1574),
(20231026, 349, 1, 2, 1, 50, 1, 1575),
(20231026, 440, 2, 4, 2, 600, 1, 1576),
(20231027, 124, 2, 4, 4, 2000, 1, 1577),
(20231027, 324, 3, 5, 3, 150, 1, 1578),
(20231027, 677, 1, 2, 3, 1500, 1, 1579),
(20231029, 30, 1, 3, 3, 900, 1, 1580),
(20231029, 226, 2, 4, 1, 50, 1, 1581),
(20231029, 229, 1, 3, 3, 90, 1, 1582),
(20231029, 896, 3, 5, 2, 50, 1, 1583),
(20231029, 959, 3, 1, 2, 60, 1, 1584),
(20231029, 998, 1, 3, 4, 100, 1, 1585),
(20231030, 12, 1, 3, 3, 75, 1, 1586),
(20231031, 710, 3, 5, 3, 1500, 1, 1587),
(20231031, 776, 2, 4, 3, 90, 1, 1588),
(20231031, 817, 1, 3, 4, 200, 1, 1589),
(20231101, 334, 3, 5, 3, 900, 1, 1590),
(20231101, 343, 3, 5, 2, 50, 1, 1591),
(20231101, 628, 1, 2, 4, 200, 1, 1592),
(20231101, 983, 2, 4, 1, 300, 1, 1593),
(20231102, 141, 3, 1, 1, 50, 1, 1594),
(20231102, 145, 2, 4, 3, 75, 1, 1595),
(20231102, 507, 3, 5, 3, 1500, 1, 1596),
(20231102, 841, 3, 1, 4, 100, 1, 1597),
(20231102, 898, 2, 4, 3, 90, 1, 1598),
(20231102, 951, 1, 2, 2, 100, 1, 1599),
(20231103, 181, 3, 1, 4, 1200, 1, 1600),
(20231104, 784, 3, 1, 1, 500, 1, 1601),
(20231105, 20, 2, 4, 3, 900, 1, 1602),
(20231105, 690, 2, 4, 3, 900, 1, 1603),
(20231106, 47, 1, 3, 3, 1500, 1, 1604),
(20231106, 405, 2, 4, 4, 1200, 1, 1605),
(20231107, 205, 2, 4, 1, 25, 1, 1606),
(20231107, 512, 1, 2, 1, 25, 1, 1607),
(20231107, 565, 1, 2, 2, 60, 1, 1608),
(20231107, 761, 2, 4, 1, 500, 1, 1609),
(20231107, 762, 3, 5, 2, 50, 1, 1610),
(20231107, 950, 2, 4, 3, 900, 1, 1611),
(20231108, 86, 1, 3, 3, 90, 1, 1612),
(20231108, 173, 3, 5, 4, 120, 1, 1613),
(20231109, 595, 2, 4, 4, 2000, 1, 1614),
(20231109, 827, 1, 2, 3, 900, 1, 1615),
(20231109, 965, 2, 4, 4, 200, 1, 1616),
(20231110, 388, 3, 1, 1, 25, 1, 1617),
(20231110, 631, 3, 5, 3, 90, 1, 1618),
(20231112, 554, 1, 2, 3, 150, 1, 1619),
(20231112, 812, 3, 1, 3, 75, 1, 1620),
(20231113, 58, 2, 4, 4, 1200, 1, 1621),
(20231113, 952, 2, 4, 1, 25, 1, 1622),
(20231114, 345, 3, 5, 1, 30, 1, 1623),
(20231114, 458, 3, 1, 4, 100, 1, 1624),
(20231114, 582, 2, 4, 3, 900, 1, 1625),
(20231114, 963, 1, 3, 1, 50, 1, 1626),
(20231115, 369, 3, 5, 3, 1500, 1, 1627),
(20231115, 706, 3, 5, 4, 100, 1, 1628),
(20231115, 747, 1, 3, 1, 30, 1, 1629),
(20231116, 533, 3, 5, 3, 1500, 1, 1630),
(20231117, 169, 1, 3, 3, 1500, 1, 1631),
(20231117, 645, 3, 5, 4, 120, 1, 1632),
(20231117, 968, 2, 4, 3, 900, 1, 1633),
(20231117, 997, 1, 2, 3, 90, 1, 1634),
(20231118, 57, 1, 3, 1, 30, 1, 1635),
(20231118, 137, 1, 3, 2, 1000, 1, 1636),
(20231118, 778, 1, 2, 4, 100, 1, 1637),
(20231119, 599, 1, 3, 2, 100, 1, 1638),
(20231119, 938, 2, 4, 4, 200, 1, 1639),
(20231120, 234, 3, 5, 2, 50, 1, 1640),
(20231121, 410, 2, 4, 2, 100, 1, 1641),
(20231121, 417, 3, 1, 3, 900, 1, 1642),
(20231121, 581, 1, 3, 2, 60, 1, 1643),
(20231122, 74, 1, 2, 4, 2000, 1, 1644),
(20231122, 87, 1, 3, 2, 100, 1, 1645),
(20231122, 803, 2, 4, 4, 100, 1, 1646),
(20231123, 424, 1, 2, 4, 1200, 1, 1647),
(20231123, 641, 3, 1, 1, 300, 1, 1648),
(20231123, 918, 3, 5, 3, 90, 1, 1649),
(20231124, 1, 1, 2, 3, 150, 1, 1650),
(20231124, 95, 2, 4, 2, 60, 1, 1651),
(20231124, 171, 2, 4, 3, 900, 1, 1652),
(20231125, 156, 2, 4, 4, 100, 1, 1653),
(20231125, 493, 1, 2, 2, 50, 1, 1654),
(20231126, 115, 2, 4, 3, 1500, 1, 1655),
(20231126, 715, 1, 3, 4, 100, 1, 1656),
(20231127, 267, 1, 3, 3, 90, 1, 1657),
(20231127, 362, 2, 4, 1, 25, 1, 1658),
(20231127, 856, 3, 1, 4, 120, 1, 1659),
(20231128, 84, 3, 1, 3, 90, 1, 1660),
(20231128, 795, 3, 1, 1, 300, 1, 1661),
(20231129, 24, 2, 4, 1, 300, 1, 1662),
(20231129, 215, 2, 4, 3, 1500, 1, 1663),
(20231129, 739, 1, 3, 1, 25, 1, 1664),
(20231130, 289, 3, 1, 2, 60, 1, 1665),
(20231130, 741, 2, 4, 1, 300, 1, 1666),
(20231130, 810, 3, 1, 4, 100, 1, 1667),
(20231201, 266, 3, 1, 2, 60, 1, 1668),
(20231201, 389, 2, 4, 2, 50, 1, 1669),
(20231202, 112, 2, 4, 3, 1500, 1, 1670),
(20231202, 566, 2, 4, 1, 30, 1, 1671),
(20231202, 608, 3, 5, 3, 1500, 1, 1672),
(20231203, 348, 3, 1, 2, 600, 1, 1673),
(20231204, 199, 1, 3, 3, 1500, 1, 1674),
(20231204, 258, 2, 4, 1, 50, 1, 1675),
(20231204, 485, 3, 5, 1, 30, 1, 1676),
(20231204, 576, 1, 3, 3, 150, 1, 1677),
(20231205, 65, 3, 5, 4, 2000, 1, 1678),
(20231205, 311, 1, 3, 4, 100, 1, 1679),
(20231205, 791, 1, 3, 1, 25, 1, 1680),
(20231205, 971, 3, 1, 4, 200, 1, 1681),
(20231205, 999, 3, 5, 3, 150, 1, 1682),
(20231206, 395, 3, 1, 2, 1000, 1, 1683),
(20231206, 535, 1, 2, 3, 90, 1, 1684),
(20231206, 580, 2, 4, 3, 1500, 1, 1685),
(20231206, 712, 1, 2, 2, 50, 1, 1686),
(20231206, 868, 3, 1, 1, 300, 1, 1687),
(20231207, 531, 3, 5, 1, 500, 1, 1688),
(20231207, 550, 2, 4, 3, 900, 1, 1689),
(20231208, 392, 2, 4, 2, 600, 1, 1690),
(20231208, 453, 2, 4, 2, 1000, 1, 1691),
(20231208, 540, 3, 1, 3, 900, 1, 1692),
(20231208, 625, 2, 4, 1, 300, 1, 1693),
(20231209, 244, 1, 3, 2, 100, 1, 1694),
(20231209, 355, 3, 5, 1, 500, 1, 1695),
(20231209, 468, 3, 5, 1, 25, 1, 1696),
(20231209, 700, 3, 5, 4, 2000, 1, 1697),
(20231209, 752, 2, 4, 2, 100, 1, 1698),
(20231209, 828, 3, 5, 4, 1200, 1, 1699),
(20231210, 80, 2, 4, 2, 60, 1, 1700),
(20231210, 214, 1, 3, 2, 60, 1, 1701),
(20231210, 361, 3, 1, 4, 1200, 1, 1702),
(20231210, 526, 2, 4, 2, 100, 1, 1703),
(20231211, 265, 2, 4, 3, 900, 1, 1704),
(20231211, 586, 3, 1, 1, 50, 1, 1705),
(20231212, 336, 1, 3, 3, 150, 1, 1706),
(20231212, 571, 3, 1, 1, 50, 1, 1707),
(20231213, 9, 3, 5, 2, 600, 1, 1708),
(20231213, 552, 3, 5, 3, 75, 1, 1709),
(20231213, 771, 3, 5, 2, 50, 1, 1710),
(20231214, 496, 2, 4, 2, 600, 1, 1711),
(20231214, 701, 1, 3, 2, 60, 1, 1712),
(20231215, 139, 1, 2, 4, 2000, 1, 1713),
(20231215, 151, 2, 4, 1, 50, 1, 1714),
(20231216, 83, 3, 1, 2, 100, 1, 1715),
(20231216, 153, 3, 1, 2, 1000, 1, 1716),
(20231216, 451, 3, 1, 1, 30, 1, 1717),
(20231217, 99, 3, 1, 4, 1200, 1, 1718),
(20231217, 783, 2, 4, 1, 300, 1, 1719),
(20231218, 409, 3, 5, 3, 900, 1, 1720),
(20231218, 525, 1, 3, 2, 50, 1, 1721),
(20231218, 939, 3, 5, 1, 300, 1, 1722),
(20231218, 994, 1, 2, 2, 1000, 1, 1723),
(20231219, 96, 2, 4, 2, 600, 1, 1724),
(20231219, 609, 2, 4, 2, 100, 1, 1725),
(20231219, 982, 1, 2, 3, 90, 1, 1726),
(20231220, 209, 3, 5, 4, 200, 1, 1727),
(20231220, 435, 1, 3, 3, 900, 1, 1728),
(20231220, 777, 3, 5, 3, 150, 1, 1729),
(20231220, 854, 2, 4, 1, 50, 1, 1730),
(20231220, 890, 3, 5, 2, 50, 1, 1731),
(20231221, 865, 2, 4, 1, 300, 1, 1732),
(20231222, 662, 1, 3, 2, 1000, 1, 1733),
(20231223, 309, 1, 3, 1, 25, 1, 1734),
(20231223, 544, 3, 5, 1, 25, 1, 1735),
(20231223, 602, 3, 1, 1, 300, 1, 1736),
(20231223, 615, 2, 4, 4, 100, 1, 1737),
(20231223, 678, 3, 5, 3, 900, 1, 1738),
(20231223, 781, 1, 3, 1, 500, 1, 1739),
(20231224, 34, 2, 4, 3, 150, 1, 1740),
(20231224, 916, 3, 5, 1, 50, 1, 1741),
(20231225, 757, 3, 1, 4, 1200, 1, 1742),
(20231226, 25, 1, 3, 1, 50, 1, 1743),
(20231226, 82, 1, 3, 4, 200, 1, 1744),
(20231226, 472, 1, 2, 3, 900, 1, 1745),
(20231226, 842, 2, 4, 2, 600, 1, 1746),
(20231226, 879, 2, 4, 1, 30, 1, 1747),
(20231226, 991, 2, 4, 2, 100, 1, 1748),
(20231227, 62, 1, 3, 2, 100, 1, 1749),
(20231227, 386, 3, 1, 2, 600, 1, 1750),
(20231228, 429, 3, 1, 2, 50, 1, 1751),
(20231228, 664, 2, 4, 4, 2000, 1, 1752),
(20231228, 989, 3, 1, 1, 25, 1, 1753),
(20231229, 233, 1, 2, 2, 600, 1, 1754),
(20231229, 520, 3, 5, 4, 100, 1, 1755),
(20231229, 805, 1, 2, 3, 1500, 1, 1756),
(20231229, 908, 1, 2, 4, 1200, 1, 1757),
(20231231, 857, 3, 5, 2, 50, 1, 1758),
(20240101, 211, 1, 3, 3, 1500, 1, 1759),
(20240101, 650, 3, 1, 1, 30, 1, 1760);

--
-- Indeks untuk tabel yang dibuang
--

--
-- Indeks untuk tabel `dim_customer`
--
ALTER TABLE `dim_customer`
  ADD PRIMARY KEY (`technical/surrogate key field`),
  ADD UNIQUE KEY `idx_Dim_Customer_pk` (`technical/surrogate key field`),
  ADD KEY `idx_Dim_Customer_lookup` (`Customer ID`,`Age`,`Gender`);

--
-- Indeks untuk tabel `dim_date`
--
ALTER TABLE `dim_date`
  ADD PRIMARY KEY (`technical/surrogate key field`),
  ADD UNIQUE KEY `idx_Dim_Date_pk` (`technical/surrogate key field`),
  ADD KEY `idx_Dim_Date_lookup` (`Date`,`Year`,`Month`,`Day`,`Quarter`,`smart_key`),
  ADD KEY `idx_date_smartkey` (`smart_key`);

--
-- Indeks untuk tabel `dim_product`
--
ALTER TABLE `dim_product`
  ADD PRIMARY KEY (`technical/surrogate key field`),
  ADD UNIQUE KEY `idx_Dim_Product_pk` (`technical/surrogate key field`),
  ADD KEY `idx_Dim_Product_lookup` (`Product Category`);

--
-- Indeks untuk tabel `dim_store`
--
ALTER TABLE `dim_store`
  ADD PRIMARY KEY (`technical/surrogate key field`),
  ADD UNIQUE KEY `idx_Dim_Store_pk` (`technical/surrogate key field`),
  ADD KEY `idx_Dim_Store_lookup` (`Store_ID`,`Store_Name`,`City`,`Region`,`Manager_Name`,`Product Category`);

--
-- Indeks untuk tabel `fact_sales`
--
ALTER TABLE `fact_sales`
  ADD PRIMARY KEY (`fact_id`),
  ADD UNIQUE KEY `idx_fact_sales_pk` (`fact_id`),
  ADD KEY `idx_fact_sales_lookup` (`sk_date`,`sk_customer`,`sk_product`,`sk_store`,`final_qty`,`final_amount`,`total_orders`),
  ADD KEY `fk_fact_customer` (`sk_customer`),
  ADD KEY `fk_fact_product` (`sk_product`),
  ADD KEY `fk_fact_store` (`sk_store`);

--
-- AUTO_INCREMENT untuk tabel yang dibuang
--

--
-- AUTO_INCREMENT untuk tabel `fact_sales`
--
ALTER TABLE `fact_sales`
  MODIFY `fact_id` bigint NOT NULL AUTO_INCREMENT, AUTO_INCREMENT=1761;

--
-- Ketidakleluasaan untuk tabel pelimpahan (Dumped Tables)
--

--
-- Ketidakleluasaan untuk tabel `fact_sales`
--
ALTER TABLE `fact_sales`
  ADD CONSTRAINT `fk_fact_customer` FOREIGN KEY (`sk_customer`) REFERENCES `dim_customer` (`technical/surrogate key field`) ON DELETE RESTRICT ON UPDATE CASCADE,
  ADD CONSTRAINT `fk_fact_date` FOREIGN KEY (`sk_date`) REFERENCES `dim_date` (`smart_key`) ON DELETE RESTRICT ON UPDATE CASCADE,
  ADD CONSTRAINT `fk_fact_product` FOREIGN KEY (`sk_product`) REFERENCES `dim_product` (`technical/surrogate key field`) ON DELETE RESTRICT ON UPDATE CASCADE,
  ADD CONSTRAINT `fk_fact_store` FOREIGN KEY (`sk_store`) REFERENCES `dim_store` (`technical/surrogate key field`) ON DELETE RESTRICT ON UPDATE CASCADE;
COMMIT;

/*!40101 SET CHARACTER_SET_CLIENT=@OLD_CHARACTER_SET_CLIENT */;
/*!40101 SET CHARACTER_SET_RESULTS=@OLD_CHARACTER_SET_RESULTS */;
/*!40101 SET COLLATION_CONNECTION=@OLD_COLLATION_CONNECTION */;
